Workbook

Sheet All Facts
A1: Brand | B1: Name | C1: Servings Per Container | D1: Serving Size | E1: Serving Size Unit | F1: Serving Size Grams | G1: Calories | H1: Total Fat Grams | I1: Total Carb Grams | J1: Protein Grams | K1: Saturated Fat Grams | L1: Polysaturated Fat Grams | M1: Monosaturated Fat Grams | N1: Cholesterol mg | O1: Sodium mg | P1: Vitamin D mcg | Q1: Calcium mg | R1: Iron mg | S1: Potassium mg | T1: Dietary Fiber grams | U1: Total Sugars Grams | V1: Vitamin C mg | W1: Vitamin B6 mg | X1: Folic Acid mcg | Y1: Niacin mg | Z1: Thiamin mg
A2: Harris Teeter | B2: Atlantic Skin-On Farm Raised Salmon | C2: 1 | D2: 1 | E2: Fillet | F2: =113*2.5 -> 282.5 | G2: =260*2.5 -> 650 | H2: =19*2.5 -> 47.5 | I2: 0 | J2: =23*2.5 -> 57.5 | K2: =2.5*2.5 -> 6.25 | N2: =65*2.5 -> 162.5 | O2: =35*2.5 -> 87.5 | P2: =8*2.5 -> 20 | Q2: =52*2.5 -> 130 | S2: =376*2.5 -> 940
A3: Harris Teeter | B3: Chicken Breast | C3: 1 | D3: 4 | E3: ounces | F3: 112 | G3: 110 | H3: 1 | I3: 0 | J3: 25 | N3: 80 | O3: 75 | R3: 0.36
A4: Harris Teeter | B4: Fishermans Market Tail On Peeled & Deveined Cooked Shrimp | C4: 4 | D4: 3 | E4: ounces | F4: 85 | G4: 45 | H4: 0 | I4: 0 | J4: 11 | N4: 120 | O4: 400
A5: Harris Teeter | B5: Pre-Washed Russet Potatoes | C5: 15.3 | D5: 1 | E5: Potato | F5: 148 | G5: 110 | I5: 26 | J5: 3 | Q5: 20 | R5: 1.1 | S5: 620 | T5: 2 | U5: 1 | V5: 26 | W5: 0.2
A6: Harris Teeter | B6: Peanut Butter | C6: 35 | D6: 2 | E6: Tbsp | F6: 32 | G6: 180 | H6: 15 | I6: 7 | J6: 7 | K6: 2.5 | O6: 150 | Q6: 30 | R6: 1 | S6: 210 | T6: 2 | U6: 4
A7: Harris Teeter | B7: Lower Sodium Bacon | C7: 7 | D7: 2 | E7: slices | F7: 15 | G7: 80 | H7: 6 | I7: 0 | J7: 4 | K7: 2.5 | N7: 15 | O7: 180 | R7: 0.36
A8: Harris Teeter | B8: Eye Round Steak | C8: 1 | D8: 4 | E8: ounces | F8: 112 | G8: 151 | H8: 7 | I8: 0 | J8: 22 | R8: 1.44
A9: Harris Teeter | B9: Grade A Large Egg | C9: 12 | D9: 1 | E9: egg | F9: 50 | G9: 70 | H9: 5 | I9: 0 | J9: 6 | K9: 1.5 | N9: 185 | O9: 70 | P9: 1 | Q9: 30 | R9: 0.9
A10: Harris Teeter | B10: All Purpose Flour | C10: 30 | D10: 0.25 | E10: cup | F10: 30 | G10: 110 | H10: 0 | I10: 23 | J10: 2 | R10: 1.3 | S10: 30 | X10: 50 | Y10: 1.4 | Z10: 0.22
A11: Harris Teeter | B11: Colby Jack Cheese | C11: 8 | D11: 6 | E11: cubes | F11: 28 | G11: 110 | H11: 9 | I11: 1 | J11: 7 | K11: 5 | N11: 30 | O11: 170 | P11: 0.2 | Q11: 200 | R11: 0.2 | S11: 30
D17: =F11/D11 -> 4.6666667

Sheet Recipie
A1: Name | B1: Ingredient | C1: Grams Selected | D1: ='All Facts'!G1 -> Calories | E1: ='All Facts'!H1 -> Total Fat Grams | F1: ='All Facts'!I1 -> Total Carb Grams | G1: ='All Facts'!J1 -> Protein Grams | H1: ='All Facts'!K1 -> Saturated Fat Grams | I1: ='All Facts'!L1 -> Polysaturated Fat Grams | J1: ='All Facts'!M1 -> Monosaturated Fat Grams | K1: ='All Facts'!N1 -> Cholesterol mg | ... W1: ='All Facts'!Z1 -> Thiamin mg | AA1: Ratios | AC1: Grams | AE1: Grams
A2: Chicken Nuggets | B2: Grade A Large Egg | C2: =MROUND(AC2/AE2*C4,AC2) -> 100 | D2: =INDEX('All Facts'!G:G,MATCH(Recipie!$B2,'All Facts'!$B:$B,0),1)/INDEX('All Facts'!$F:$F,MATCH(Recipie!$B2,'All Facts'!$B:$B,0),1)*$C2 -> 140 | E2: =INDEX('All Facts'!H:H,MATCH(Recipie!$B2,'All Facts'!$B:$B,0),1)/INDEX('All Facts'!$F:$F,MATCH(Recipie!$B2,'All Facts'!$B:$B,0),1)*$C2 -> 10 | F2: =INDEX('All Facts'!I:I,MATCH(Recipie!$B2,'All Facts'!$B:$B,0),1)/INDEX('All Facts'!$F:$F,MATCH(Recipie!$B2,'All Facts'!$B:$B,0),1)*$C2 -> 0 | G2: =INDEX('All Facts'!J:J,MATCH(Recipie!$B2,'All Facts'!$B:$B,0),1)/INDEX('All Facts'!$F:$F,MATCH(Recipie!$B2,'All Facts'!$B:$B,0),1)*$C2 -> 12 | H2: =INDEX('All Facts'!K:K,MATCH(Recipie!$B2,'All Facts'!$B:$B,0),1)/INDEX('All Facts'!$F:$F,MATCH(Recipie!$B2,'All Facts'!$B:$B,0),1)*$C2 -> 3 | I2: =INDEX('All Facts'!L:L,MATCH(Recipie!$B2,'All Facts'!$B:$B,0),1)/INDEX('All Facts'!$F:$F,MATCH(Recipie!$B2,'All Facts'!$B:$B,0),1)*$C2 -> 0 | J2: =INDEX('All Facts'!M:M,MATCH(Recipie!$B2,'All Facts'!$B:$B,0),1)/INDEX('All Facts'!$F:$F,MATCH(Recipie!$B2,'All Facts'!$B:$B,0),1)*$C2 -> 0 | K2: =INDEX('All Facts'!N:N,MATCH(Recipie!$B2,'All Facts'!$B:$B,0),1)/INDEX('All Facts'!$F:$F,MATCH(Recipie!$B2,'All Facts'!$B:$B,0),1)*$C2 -> 370 | L2: =INDEX('All Facts'!O:O,MATCH(Recipie!$B2,'All Facts'!$B:$B,0),1)/INDEX('All Facts'!$F:$F,MATCH(Recipie!$B2,'All Facts'!$B:$B,0),1)*$C2 -> 140 | M2: =INDEX('All Facts'!P:P,MATCH(Recipie!$B2,'All Facts'!$B:$B,0),1)/INDEX('All Facts'!$F:$F,MATCH(Recipie!$B2,'All Facts'!$B:$B,0),1)*$C2 -> 2 | N2: =INDEX('All Facts'!Q:Q,MATCH(Recipie!$B2,'All Facts'!$B:$B,0),1)/INDEX('All Facts'!$F:$F,MATCH(Recipie!$B2,'All Facts'!$B:$B,0),1)*$C2 -> 60 | O2: =INDEX('All Facts'!R:R,MATCH(Recipie!$B2,'All Facts'!$B:$B,0),1)/INDEX('All Facts'!$F:$F,MATCH(Recipie!$B2,'All Facts'!$B:$B,0),1)*$C2 -> 1.8 | P2: =INDEX('All Facts'!S:S,MATCH(Recipie!$B2,'All Facts'!$B:$B,0),1)/INDEX('All Facts'!$F:$F,MATCH(Recipie!$B2,'All Facts'!$B:$B,0),1)*$C2 -> 0 | Q2: =INDEX('All Facts'!T:T,MATCH(Recipie!$B2,'All Facts'!$B:$B,0),1)/INDEX('All Facts'!$F:$F,MATCH(Recipie!$B2,'All Facts'!$B:$B,0),1)*$C2 -> 0 | R2: =INDEX('All Facts'!U:U,MATCH(Recipie!$B2,'All Facts'!$B:$B,0),1)/INDEX('All Facts'!$F:$F,MATCH(Recipie!$B2,'All Facts'!$B:$B,0),1)*$C2 -> 0 | S2: =INDEX('All Facts'!V:V,MATCH(Recipie!$B2,'All Facts'!$B:$B,0),1)/INDEX('All Facts'!$F:$F,MATCH(Recipie!$B2,'All Facts'!$B:$B,0),1)*$C2 -> 0 | T2: =INDEX('All Facts'!W:W,MATCH(Recipie!$B2,'All Facts'!$B:$B,0),1)/INDEX('All Facts'!$F:$F,MATCH(Recipie!$B2,'All Facts'!$B:$B,0),1)*$C2 -> 0 | U2: =INDEX('All Facts'!X:X,MATCH(Recipie!$B2,'All Facts'!$B:$B,0),1)/INDEX('All Facts'!$F:$F,MATCH(Recipie!$B2,'All Facts'!$B:$B,0),1)*$C2 -> 0 | V2: =INDEX('All Facts'!Y:Y,MATCH(Recipie!$B2,'All Facts'!$B:$B,0),1)/INDEX('All Facts'!$F:$F,MATCH(Recipie!$B2,'All Facts'!$B:$B,0),1)*$C2 -> 0 | W2: =INDEX('All Facts'!Z:Z,MATCH(Recipie!$B2,'All Facts'!$B:$B,0),1)/INDEX('All Facts'!$F:$F,MATCH(Recipie!$B2,'All Facts'!$B:$B,0),1)*$C2 -> 0 | AA2: Chicken Nuggets | AB2: Grade A Large Egg | AC2: 50 | AD2: Chicken Breast | AE2: 450
A3: Chicken Nuggets | B3: All Purpose Flour | C3: =AC3/AE3*C4 -> 72.546508 | D3: =INDEX('All Facts'!G:G,MATCH(Recipie!$B3,'All Facts'!$B:$B,0),1)/INDEX('All Facts'!$F:$F,MATCH(Recipie!$B3,'All Facts'!$B:$B,0),1)*$C3 -> 266.00386 | E3: =INDEX('All Facts'!H:H,MATCH(Recipie!$B3,'All Facts'!$B:$B,0),1)/INDEX('All Facts'!$F:$F,MATCH(Recipie!$B3,'All Facts'!$B:$B,0),1)*$C3 -> 0 | F3: =INDEX('All Facts'!I:I,MATCH(Recipie!$B3,'All Facts'!$B:$B,0),1)/INDEX('All Facts'!$F:$F,MATCH(Recipie!$B3,'All Facts'!$B:$B,0),1)*$C3 -> 55.618989 | G3: =INDEX('All Facts'!J:J,MATCH(Recipie!$B3,'All Facts'!$B:$B,0),1)/INDEX('All Facts'!$F:$F,MATCH(Recipie!$B3,'All Facts'!$B:$B,0),1)*$C3 -> 4.8364338 | H3: =INDEX('All Facts'!K:K,MATCH(Recipie!$B3,'All Facts'!$B:$B,0),1)/INDEX('All Facts'!$F:$F,MATCH(Recipie!$B3,'All Facts'!$B:$B,0),1)*$C3 -> 0 | I3: =INDEX('All Facts'!L:L,MATCH(Recipie!$B3,'All Facts'!$B:$B,0),1)/INDEX('All Facts'!$F:$F,MATCH(Recipie!$B3,'All Facts'!$B:$B,0),1)*$C3 -> 0 | J3: =INDEX('All Facts'!M:M,MATCH(Recipie!$B3,'All Facts'!$B:$B,0),1)/INDEX('All Facts'!$F:$F,MATCH(Recipie!$B3,'All Facts'!$B:$B,0),1)*$C3 -> 0 | K3: =INDEX('All Facts'!N:N,MATCH(Recipie!$B3,'All Facts'!$B:$B,0),1)/INDEX('All Facts'!$F:$F,MATCH(Recipie!$B3,'All Facts'!$B:$B,0),1)*$C3 -> 0 | L3: =INDEX('All Facts'!O:O,MATCH(Recipie!$B3,'All Facts'!$B:$B,0),1)/INDEX('All Facts'!$F:$F,MATCH(Recipie!$B3,'All Facts'!$B:$B,0),1)*$C3 -> 0 | M3: =INDEX('All Facts'!P:P,MATCH(Recipie!$B3,'All Facts'!$B:$B,0),1)/INDEX('All Facts'!$F:$F,MATCH(Recipie!$B3,'All Facts'!$B:$B,0),1)*$C3 -> 0 | N3: =INDEX('All Facts'!Q:Q,MATCH(Recipie!$B3,'All Facts'!$B:$B,0),1)/INDEX('All Facts'!$F:$F,MATCH(Recipie!$B3,'All Facts'!$B:$B,0),1)*$C3 -> 0 | O3: =INDEX('All Facts'!R:R,MATCH(Recipie!$B3,'All Facts'!$B:$B,0),1)/INDEX('All Facts'!$F:$F,MATCH(Recipie!$B3,'All Facts'!$B:$B,0),1)*$C3 -> 3.143682 | P3: =INDEX('All Facts'!S:S,MATCH(Recipie!$B3,'All Facts'!$B:$B,0),1)/INDEX('All Facts'!$F:$F,MATCH(Recipie!$B3,'All Facts'!$B:$B,0),1)*$C3 -> 72.546508 | Q3: =INDEX('All Facts'!T:T,MATCH(Recipie!$B3,'All Facts'!$B:$B,0),1)/INDEX('All Facts'!$F:$F,MATCH(Recipie!$B3,'All Facts'!$B:$B,0),1)*$C3 -> 0 | R3: =INDEX('All Facts'!U:U,MATCH(Recipie!$B3,'All Facts'!$B:$B,0),1)/INDEX('All Facts'!$F:$F,MATCH(Recipie!$B3,'All Facts'!$B:$B,0),1)*$C3 -> 0 | S3: =INDEX('All Facts'!V:V,MATCH(Recipie!$B3,'All Facts'!$B:$B,0),1)/INDEX('All Facts'!$F:$F,MATCH(Recipie!$B3,'All Facts'!$B:$B,0),1)*$C3 -> 0 | T3: =INDEX('All Facts'!W:W,MATCH(Recipie!$B3,'All Facts'!$B:$B,0),1)/INDEX('All Facts'!$F:$F,MATCH(Recipie!$B3,'All Facts'!$B:$B,0),1)*$C3 -> 0 | U3: =INDEX('All Facts'!X:X,MATCH(Recipie!$B3,'All Facts'!$B:$B,0),1)/INDEX('All Facts'!$F:$F,MATCH(Recipie!$B3,'All Facts'!$B:$B,0),1)*$C3 -> 120.91085 | V3: =INDEX('All Facts'!Y:Y,MATCH(Recipie!$B3,'All Facts'!$B:$B,0),1)/INDEX('All Facts'!$F:$F,MATCH(Recipie!$B3,'All Facts'!$B:$B,0),1)*$C3 -> 3.3855037 | W3: =INDEX('All Facts'!Z:Z,MATCH(Recipie!$B3,'All Facts'!$B:$B,0),1)/INDEX('All Facts'!$F:$F,MATCH(Recipie!$B3,'All Facts'!$B:$B,0),1)*$C3 -> 0.53200772 | AA3: Chicken Nuggets | AB3: All Purpose Flour | AC3: 60 | AD3: Chicken Breast | AE3: 560
A4: Chicken Nuggets | B4: Chicken Breast | C4: =Solver!C12 -> 677.10074 | D4: =INDEX('All Facts'!G:G,MATCH(Recipie!$B4,'All Facts'!$B:$B,0),1)/INDEX('All Facts'!$F:$F,MATCH(Recipie!$B4,'All Facts'!$B:$B,0),1)*$C4 -> 665.00965 | E4: =INDEX('All Facts'!H:H,MATCH(Recipie!$B4,'All Facts'!$B:$B,0),1)/INDEX('All Facts'!$F:$F,MATCH(Recipie!$B4,'All Facts'!$B:$B,0),1)*$C4 -> 6.0455423 | F4: =INDEX('All Facts'!I:I,MATCH(Recipie!$B4,'All Facts'!$B:$B,0),1)/INDEX('All Facts'!$F:$F,MATCH(Recipie!$B4,'All Facts'!$B:$B,0),1)*$C4 -> 0 | G4: =INDEX('All Facts'!J:J,MATCH(Recipie!$B4,'All Facts'!$B:$B,0),1)/INDEX('All Facts'!$F:$F,MATCH(Recipie!$B4,'All Facts'!$B:$B,0),1)*$C4 -> 151.13856 | H4: =INDEX('All Facts'!K:K,MATCH(Recipie!$B4,'All Facts'!$B:$B,0),1)/INDEX('All Facts'!$F:$F,MATCH(Recipie!$B4,'All Facts'!$B:$B,0),1)*$C4 -> 0 | I4: =INDEX('All Facts'!L:L,MATCH(Recipie!$B4,'All Facts'!$B:$B,0),1)/INDEX('All Facts'!$F:$F,MATCH(Recipie!$B4,'All Facts'!$B:$B,0),1)*$C4 -> 0 | J4: =INDEX('All Facts'!M:M,MATCH(Recipie!$B4,'All Facts'!$B:$B,0),1)/INDEX('All Facts'!$F:$F,MATCH(Recipie!$B4,'All Facts'!$B:$B,0),1)*$C4 -> 0 | K4: =INDEX('All Facts'!N:N,MATCH(Recipie!$B4,'All Facts'!$B:$B,0),1)/INDEX('All Facts'!$F:$F,MATCH(Recipie!$B4,'All Facts'!$B:$B,0),1)*$C4 -> 483.64338 | L4: =INDEX('All Facts'!O:O,MATCH(Recipie!$B4,'All Facts'!$B:$B,0),1)/INDEX('All Facts'!$F:$F,MATCH(Recipie!$B4,'All Facts'!$B:$B,0),1)*$C4 -> 453.41567 | M4: =INDEX('All Facts'!P:P,MATCH(Recipie!$B4,'All Facts'!$B:$B,0),1)/INDEX('All Facts'!$F:$F,MATCH(Recipie!$B4,'All Facts'!$B:$B,0),1)*$C4 -> 0 | N4: =INDEX('All Facts'!Q:Q,MATCH(Recipie!$B4,'All Facts'!$B:$B,0),1)/INDEX('All Facts'!$F:$F,MATCH(Recipie!$B4,'All Facts'!$B:$B,0),1)*$C4 -> 0 | O4: =INDEX('All Facts'!R:R,MATCH(Recipie!$B4,'All Facts'!$B:$B,0),1)/INDEX('All Facts'!$F:$F,MATCH(Recipie!$B4,'All Facts'!$B:$B,0),1)*$C4 -> 2.1763952 | P4: =INDEX('All Facts'!S:S,MATCH(Recipie!$B4,'All Facts'!$B:$B,0),1)/INDEX('All Facts'!$F:$F,MATCH(Recipie!$B4,'All Facts'!$B:$B,0),1)*$C4 -> 0 | Q4: =INDEX('All Facts'!T:T,MATCH(Recipie!$B4,'All Facts'!$B:$B,0),1)/INDEX('All Facts'!$F:$F,MATCH(Recipie!$B4,'All Facts'!$B:$B,0),1)*$C4 -> 0 | R4: =INDEX('All Facts'!U:U,MATCH(Recipie!$B4,'All Facts'!$B:$B,0),1)/INDEX('All Facts'!$F:$F,MATCH(Recipie!$B4,'All Facts'!$B:$B,0),1)*$C4 -> 0 | S4: =INDEX('All Facts'!V:V,MATCH(Recipie!$B4,'All Facts'!$B:$B,0),1)/INDEX('All Facts'!$F:$F,MATCH(Recipie!$B4,'All Facts'!$B:$B,0),1)*$C4 -> 0 | T4: =INDEX('All Facts'!W:W,MATCH(Recipie!$B4,'All Facts'!$B:$B,0),1)/INDEX('All Facts'!$F:$F,MATCH(Recipie!$B4,'All Facts'!$B:$B,0),1)*$C4 -> 0 | U4: =INDEX('All Facts'!X:X,MATCH(Recipie!$B4,'All Facts'!$B:$B,0),1)/INDEX('All Facts'!$F:$F,MATCH(Recipie!$B4,'All Facts'!$B:$B,0),1)*$C4 -> 0 | V4: =INDEX('All Facts'!Y:Y,MATCH(Recipie!$B4,'All Facts'!$B:$B,0),1)/INDEX('All Facts'!$F:$F,MATCH(Recipie!$B4,'All Facts'!$B:$B,0),1)*$C4 -> 0 | W4: =INDEX('All Facts'!Z:Z,MATCH(Recipie!$B4,'All Facts'!$B:$B,0),1)/INDEX('All Facts'!$F:$F,MATCH(Recipie!$B4,'All Facts'!$B:$B,0),1)*$C4 -> 0 | AA4: Fried Shrimp | AB4: Grade A Large Egg | AC4: 50 | AD4: Fishermans Market Tail On Peeled & Deveined Cooked Shrimp | AE4: 450
A5: Chicken Nuggets | B5: Total | C5: =SUM(C2:C4) -> 849.64724 | D5: =SUM(D2:D4) -> 1071.0135 | E5: =SUM(E2:E4) -> 16.045542 | F5: =SUM(F2:F4) -> 55.618989 | G5: =SUM(G2:G4) -> 167.97499 | H5: =SUM(H2:H4) -> 3 | I5: =SUM(I2:I4) -> 0 | J5: =SUM(J2:J4) -> 0 | ... W5: =SUM(W2:W4) -> 0.53200772 | AA5: Fried Shrimp | AB5: All Purpose Flour | AC5: =('All Facts'!F10*4)/3 -> 40 | AD5: Fishermans Market Tail On Peeled & Deveined Cooked Shrimp | AE5: 680
B7: Ingredient | C7: Grams Selected
A8: Fried Shrimp | B8: Grade A Large Egg | C8: =MROUND(AC4/AE4*C10,AC4) -> 150 | D8: =INDEX('All Facts'!G:G,MATCH(Recipie!$B8,'All Facts'!$B:$B,0),1)/INDEX('All Facts'!$F:$F,MATCH(Recipie!$B8,'All Facts'!$B:$B,0),1)*$C8 -> 210 | E8: =INDEX('All Facts'!H:H,MATCH(Recipie!$B8,'All Facts'!$B:$B,0),1)/INDEX('All Facts'!$F:$F,MATCH(Recipie!$B8,'All Facts'!$B:$B,0),1)*$C8 -> 15 | F8: =INDEX('All Facts'!I:I,MATCH(Recipie!$B8,'All Facts'!$B:$B,0),1)/INDEX('All Facts'!$F:$F,MATCH(Recipie!$B8,'All Facts'!$B:$B,0),1)*$C8 -> 0 | G8: =INDEX('All Facts'!J:J,MATCH(Recipie!$B8,'All Facts'!$B:$B,0),1)/INDEX('All Facts'!$F:$F,MATCH(Recipie!$B8,'All Facts'!$B:$B,0),1)*$C8 -> 18 | H8: =INDEX('All Facts'!K:K,MATCH(Recipie!$B8,'All Facts'!$B:$B,0),1)/INDEX('All Facts'!$F:$F,MATCH(Recipie!$B8,'All Facts'!$B:$B,0),1)*$C8 -> 4.5 | I8: =INDEX('All Facts'!L:L,MATCH(Recipie!$B8,'All Facts'!$B:$B,0),1)/INDEX('All Facts'!$F:$F,MATCH(Recipie!$B8,'All Facts'!$B:$B,0),1)*$C8 -> 0 | J8: =INDEX('All Facts'!M:M,MATCH(Recipie!$B8,'All Facts'!$B:$B,0),1)/INDEX('All Facts'!$F:$F,MATCH(Recipie!$B8,'All Facts'!$B:$B,0),1)*$C8 -> 0 | K8: =INDEX('All Facts'!N:N,MATCH(Recipie!$B8,'All Facts'!$B:$B,0),1)/INDEX('All Facts'!$F:$F,MATCH(Recipie!$B8,'All Facts'!$B:$B,0),1)*$C8 -> 555 | L8: =INDEX('All Facts'!O:O,MATCH(Recipie!$B8,'All Facts'!$B:$B,0),1)/INDEX('All Facts'!$F:$F,MATCH(Recipie!$B8,'All Facts'!$B:$B,0),1)*$C8 -> 210 | M8: =INDEX('All Facts'!P:P,MATCH(Recipie!$B8,'All Facts'!$B:$B,0),1)/INDEX('All Facts'!$F:$F,MATCH(Recipie!$B8,'All Facts'!$B:$B,0),1)*$C8 -> 3 | N8: =INDEX('All Facts'!Q:Q,MATCH(Recipie!$B8,'All Facts'!$B:$B,0),1)/INDEX('All Facts'!$F:$F,MATCH(Recipie!$B8,'All Facts'!$B:$B,0),1)*$C8 -> 90 | O8: =INDEX('All Facts'!R:R,MATCH(Recipie!$B8,'All Facts'!$B:$B,0),1)/INDEX('All Facts'!$F:$F,MATCH(Recipie!$B8,'All Facts'!$B:$B,0),1)*$C8 -> 2.7 | P8: =INDEX('All Facts'!S:S,MATCH(Recipie!$B8,'All Facts'!$B:$B,0),1)/INDEX('All Facts'!$F:$F,MATCH(Recipie!$B8,'All Facts'!$B:$B,0),1)*$C8 -> 0 | Q8: =INDEX('All Facts'!T:T,MATCH(Recipie!$B8,'All Facts'!$B:$B,0),1)/INDEX('All Facts'!$F:$F,MATCH(Recipie!$B8,'All Facts'!$B:$B,0),1)*$C8 -> 0 | R8: =INDEX('All Facts'!U:U,MATCH(Recipie!$B8,'All Facts'!$B:$B,0),1)/INDEX('All Facts'!$F:$F,MATCH(Recipie!$B8,'All Facts'!$B:$B,0),1)*$C8 -> 0 | S8: =INDEX('All Facts'!V:V,MATCH(Recipie!$B8,'All Facts'!$B:$B,0),1)/INDEX('All Facts'!$F:$F,MATCH(Recipie!$B8,'All Facts'!$B:$B,0),1)*$C8 -> 0 | T8: =INDEX('All Facts'!W:W,MATCH(Recipie!$B8,'All Facts'!$B:$B,0),1)/INDEX('All Facts'!$F:$F,MATCH(Recipie!$B8,'All Facts'!$B:$B,0),1)*$C8 -> 0 | U8: =INDEX('All Facts'!X:X,MATCH(Recipie!$B8,'All Facts'!$B:$B,0),1)/INDEX('All Facts'!$F:$F,MATCH(Recipie!$B8,'All Facts'!$B:$B,0),1)*$C8 -> 0 | V8: =INDEX('All Facts'!Y:Y,MATCH(Recipie!$B8,'All Facts'!$B:$B,0),1)/INDEX('All Facts'!$F:$F,MATCH(Recipie!$B8,'All Facts'!$B:$B,0),1)*$C8 -> 0 | W8: =INDEX('All Facts'!Z:Z,MATCH(Recipie!$B8,'All Facts'!$B:$B,0),1)/INDEX('All Facts'!$F:$F,MATCH(Recipie!$B8,'All Facts'!$B:$B,0),1)*$C8 -> 0
A9: Fried Shrimp | B9: All Purpose Flour | C9: =AC5/AE5*C10 -> 66.176471 | D9: =INDEX('All Facts'!G:G,MATCH(Recipie!$B9,'All Facts'!$B:$B,0),1)/INDEX('All Facts'!$F:$F,MATCH(Recipie!$B9,'All Facts'!$B:$B,0),1)*$C9 -> 242.64706 | E9: =INDEX('All Facts'!H:H,MATCH(Recipie!$B9,'All Facts'!$B:$B,0),1)/INDEX('All Facts'!$F:$F,MATCH(Recipie!$B9,'All Facts'!$B:$B,0),1)*$C9 -> 0 | F9: =INDEX('All Facts'!I:I,MATCH(Recipie!$B9,'All Facts'!$B:$B,0),1)/INDEX('All Facts'!$F:$F,MATCH(Recipie!$B9,'All Facts'!$B:$B,0),1)*$C9 -> 50.735294 | G9: =INDEX('All Facts'!J:J,MATCH(Recipie!$B9,'All Facts'!$B:$B,0),1)/INDEX('All Facts'!$F:$F,MATCH(Recipie!$B9,'All Facts'!$B:$B,0),1)*$C9 -> 4.4117647 | H9: =INDEX('All Facts'!K:K,MATCH(Recipie!$B9,'All Facts'!$B:$B,0),1)/INDEX('All Facts'!$F:$F,MATCH(Recipie!$B9,'All Facts'!$B:$B,0),1)*$C9 -> 0 | I9: =INDEX('All Facts'!L:L,MATCH(Recipie!$B9,'All Facts'!$B:$B,0),1)/INDEX('All Facts'!$F:$F,MATCH(Recipie!$B9,'All Facts'!$B:$B,0),1)*$C9 -> 0 | J9: =INDEX('All Facts'!M:M,MATCH(Recipie!$B9,'All Facts'!$B:$B,0),1)/INDEX('All Facts'!$F:$F,MATCH(Recipie!$B9,'All Facts'!$B:$B,0),1)*$C9 -> 0 | K9: =INDEX('All Facts'!N:N,MATCH(Recipie!$B9,'All Facts'!$B:$B,0),1)/INDEX('All Facts'!$F:$F,MATCH(Recipie!$B9,'All Facts'!$B:$B,0),1)*$C9 -> 0 | L9: =INDEX('All Facts'!O:O,MATCH(Recipie!$B9,'All Facts'!$B:$B,0),1)/INDEX('All Facts'!$F:$F,MATCH(Recipie!$B9,'All Facts'!$B:$B,0),1)*$C9 -> 0 | M9: =INDEX('All Facts'!P:P,MATCH(Recipie!$B9,'All Facts'!$B:$B,0),1)/INDEX('All Facts'!$F:$F,MATCH(Recipie!$B9,'All Facts'!$B:$B,0),1)*$C9 -> 0 | N9: =INDEX('All Facts'!Q:Q,MATCH(Recipie!$B9,'All Facts'!$B:$B,0),1)/INDEX('All Facts'!$F:$F,MATCH(Recipie!$B9,'All Facts'!$B:$B,0),1)*$C9 -> 0 | O9: =INDEX('All Facts'!R:R,MATCH(Recipie!$B9,'All Facts'!$B:$B,0),1)/INDEX('All Facts'!$F:$F,MATCH(Recipie!$B9,'All Facts'!$B:$B,0),1)*$C9 -> 2.8676471 | P9: =INDEX('All Facts'!S:S,MATCH(Recipie!$B9,'All Facts'!$B:$B,0),1)/INDEX('All Facts'!$F:$F,MATCH(Recipie!$B9,'All Facts'!$B:$B,0),1)*$C9 -> 66.176471 | Q9: =INDEX('All Facts'!T:T,MATCH(Recipie!$B9,'All Facts'!$B:$B,0),1)/INDEX('All Facts'!$F:$F,MATCH(Recipie!$B9,'All Facts'!$B:$B,0),1)*$C9 -> 0 | R9: =INDEX('All Facts'!U:U,MATCH(Recipie!$B9,'All Facts'!$B:$B,0),1)/INDEX('All Facts'!$F:$F,MATCH(Recipie!$B9,'All Facts'!$B:$B,0),1)*$C9 -> 0 | S9: =INDEX('All Facts'!V:V,MATCH(Recipie!$B9,'All Facts'!$B:$B,0),1)/INDEX('All Facts'!$F:$F,MATCH(Recipie!$B9,'All Facts'!$B:$B,0),1)*$C9 -> 0 | T9: =INDEX('All Facts'!W:W,MATCH(Recipie!$B9,'All Facts'!$B:$B,0),1)/INDEX('All Facts'!$F:$F,MATCH(Recipie!$B9,'All Facts'!$B:$B,0),1)*$C9 -> 0 | U9: =INDEX('All Facts'!X:X,MATCH(Recipie!$B9,'All Facts'!$B:$B,0),1)/INDEX('All Facts'!$F:$F,MATCH(Recipie!$B9,'All Facts'!$B:$B,0),1)*$C9 -> 110.29412 | V9: =INDEX('All Facts'!Y:Y,MATCH(Recipie!$B9,'All Facts'!$B:$B,0),1)/INDEX('All Facts'!$F:$F,MATCH(Recipie!$B9,'All Facts'!$B:$B,0),1)*$C9 -> 3.0882353 | W9: =INDEX('All Facts'!Z:Z,MATCH(Recipie!$B9,'All Facts'!$B:$B,0),1)/INDEX('All Facts'!$F:$F,MATCH(Recipie!$B9,'All Facts'!$B:$B,0),1)*$C9 -> 0.48529412
A10: Fried Shrimp | B10: Fishermans Market Tail On Peeled & Deveined Cooked Shrimp | C10: =Solver!C9 -> 1125 | D10: =INDEX('All Facts'!G:G,MATCH(Recipie!$B10,'All Facts'!$B:$B,0),1)/INDEX('All Facts'!$F:$F,MATCH(Recipie!$B10,'All Facts'!$B:$B,0),1)*$C10 -> 595.58824 | E10: =INDEX('All Facts'!H:H,MATCH(Recipie!$B10,'All Facts'!$B:$B,0),1)/INDEX('All Facts'!$F:$F,MATCH(Recipie!$B10,'All Facts'!$B:$B,0),1)*$C10 -> 0 | F10: =INDEX('All Facts'!I:I,MATCH(Recipie!$B10,'All Facts'!$B:$B,0),1)/INDEX('All Facts'!$F:$F,MATCH(Recipie!$B10,'All Facts'!$B:$B,0),1)*$C10 -> 0 | G10: =INDEX('All Facts'!J:J,MATCH(Recipie!$B10,'All Facts'!$B:$B,0),1)/INDEX('All Facts'!$F:$F,MATCH(Recipie!$B10,'All Facts'!$B:$B,0),1)*$C10 -> 145.58824 | H10: =INDEX('All Facts'!K:K,MATCH(Recipie!$B10,'All Facts'!$B:$B,0),1)/INDEX('All Facts'!$F:$F,MATCH(Recipie!$B10,'All Facts'!$B:$B,0),1)*$C10 -> 0 | I10: =INDEX('All Facts'!L:L,MATCH(Recipie!$B10,'All Facts'!$B:$B,0),1)/INDEX('All Facts'!$F:$F,MATCH(Recipie!$B10,'All Facts'!$B:$B,0),1)*$C10 -> 0 | J10: =INDEX('All Facts'!M:M,MATCH(Recipie!$B10,'All Facts'!$B:$B,0),1)/INDEX('All Facts'!$F:$F,MATCH(Recipie!$B10,'All Facts'!$B:$B,0),1)*$C10 -> 0 | K10: =INDEX('All Facts'!N:N,MATCH(Recipie!$B10,'All Facts'!$B:$B,0),1)/INDEX('All Facts'!$F:$F,MATCH(Recipie!$B10,'All Facts'!$B:$B,0),1)*$C10 -> 1588.2353 | L10: =INDEX('All Facts'!O:O,MATCH(Recipie!$B10,'All Facts'!$B:$B,0),1)/INDEX('All Facts'!$F:$F,MATCH(Recipie!$B10,'All Facts'!$B:$B,0),1)*$C10 -> 5294.1176 | M10: =INDEX('All Facts'!P:P,MATCH(Recipie!$B10,'All Facts'!$B:$B,0),1)/INDEX('All Facts'!$F:$F,MATCH(Recipie!$B10,'All Facts'!$B:$B,0),1)*$C10 -> 0 | N10: =INDEX('All Facts'!Q:Q,MATCH(Recipie!$B10,'All Facts'!$B:$B,0),1)/INDEX('All Facts'!$F:$F,MATCH(Recipie!$B10,'All Facts'!$B:$B,0),1)*$C10 -> 0 | O10: =INDEX('All Facts'!R:R,MATCH(Recipie!$B10,'All Facts'!$B:$B,0),1)/INDEX('All Facts'!$F:$F,MATCH(Recipie!$B10,'All Facts'!$B:$B,0),1)*$C10 -> 0 | P10: =INDEX('All Facts'!S:S,MATCH(Recipie!$B10,'All Facts'!$B:$B,0),1)/INDEX('All Facts'!$F:$F,MATCH(Recipie!$B10,'All Facts'!$B:$B,0),1)*$C10 -> 0 | Q10: =INDEX('All Facts'!T:T,MATCH(Recipie!$B10,'All Facts'!$B:$B,0),1)/INDEX('All Facts'!$F:$F,MATCH(Recipie!$B10,'All Facts'!$B:$B,0),1)*$C10 -> 0 | R10: =INDEX('All Facts'!U:U,MATCH(Recipie!$B10,'All Facts'!$B:$B,0),1)/INDEX('All Facts'!$F:$F,MATCH(Recipie!$B10,'All Facts'!$B:$B,0),1)*$C10 -> 0 | S10: =INDEX('All Facts'!V:V,MATCH(Recipie!$B10,'All Facts'!$B:$B,0),1)/INDEX('All Facts'!$F:$F,MATCH(Recipie!$B10,'All Facts'!$B:$B,0),1)*$C10 -> 0 | T10: =INDEX('All Facts'!W:W,MATCH(Recipie!$B10,'All Facts'!$B:$B,0),1)/INDEX('All Facts'!$F:$F,MATCH(Recipie!$B10,'All Facts'!$B:$B,0),1)*$C10 -> 0 | U10: =INDEX('All Facts'!X:X,MATCH(Recipie!$B10,'All Facts'!$B:$B,0),1)/INDEX('All Facts'!$F:$F,MATCH(Recipie!$B10,'All Facts'!$B:$B,0),1)*$C10 -> 0 | V10: =INDEX('All Facts'!Y:Y,MATCH(Recipie!$B10,'All Facts'!$B:$B,0),1)/INDEX('All Facts'!$F:$F,MATCH(Recipie!$B10,'All Facts'!$B:$B,0),1)*$C10 -> 0 | W10: =INDEX('All Facts'!Z:Z,MATCH(Recipie!$B10,'All Facts'!$B:$B,0),1)/INDEX('All Facts'!$F:$F,MATCH(Recipie!$B10,'All Facts'!$B:$B,0),1)*$C10 -> 0
A11: Fried Shrimp | B11: Total | C11: =SUM(C8:C10) -> 1341.1765 | D11: =SUM(D8:D10) -> 1048.2353 | E11: =SUM(E8:E10) -> 15 | F11: =SUM(F8:F10) -> 50.735294 | G11: =SUM(G8:G10) -> 168 | H11: =SUM(H8:H10) -> 4.5 | I11: =SUM(I8:I10) -> 0 | J11: =SUM(J8:J10) -> 0 | ... W11: =SUM(W8:W10) -> 0.48529412
B13: Ingredient | C13: Grams Selected
A14: Fried Shrimp 2 | B14: Grade A Large Egg | C14: =MROUND(AC4/AE4*C16,AC4) -> 150 | D14: =INDEX('All Facts'!G:G,MATCH(Recipie!$B14,'All Facts'!$B:$B,0),1)/INDEX('All Facts'!$F:$F,MATCH(Recipie!$B14,'All Facts'!$B:$B,0),1)*$C14 -> 210 | E14: =INDEX('All Facts'!H:H,MATCH(Recipie!$B14,'All Facts'!$B:$B,0),1)/INDEX('All Facts'!$F:$F,MATCH(Recipie!$B14,'All Facts'!$B:$B,0),1)*$C14 -> 15 | F14: =INDEX('All Facts'!I:I,MATCH(Recipie!$B14,'All Facts'!$B:$B,0),1)/INDEX('All Facts'!$F:$F,MATCH(Recipie!$B14,'All Facts'!$B:$B,0),1)*$C14 -> 0 | G14: =INDEX('All Facts'!J:J,MATCH(Recipie!$B14,'All Facts'!$B:$B,0),1)/INDEX('All Facts'!$F:$F,MATCH(Recipie!$B14,'All Facts'!$B:$B,0),1)*$C14 -> 18 | H14: =INDEX('All Facts'!K:K,MATCH(Recipie!$B14,'All Facts'!$B:$B,0),1)/INDEX('All Facts'!$F:$F,MATCH(Recipie!$B14,'All Facts'!$B:$B,0),1)*$C14 -> 4.5 | I14: =INDEX('All Facts'!L:L,MATCH(Recipie!$B14,'All Facts'!$B:$B,0),1)/INDEX('All Facts'!$F:$F,MATCH(Recipie!$B14,'All Facts'!$B:$B,0),1)*$C14 -> 0 | J14: =INDEX('All Facts'!M:M,MATCH(Recipie!$B14,'All Facts'!$B:$B,0),1)/INDEX('All Facts'!$F:$F,MATCH(Recipie!$B14,'All Facts'!$B:$B,0),1)*$C14 -> 0 | K14: =INDEX('All Facts'!N:N,MATCH(Recipie!$B14,'All Facts'!$B:$B,0),1)/INDEX('All Facts'!$F:$F,MATCH(Recipie!$B14,'All Facts'!$B:$B,0),1)*$C14 -> 555 | L14: =INDEX('All Facts'!O:O,MATCH(Recipie!$B14,'All Facts'!$B:$B,0),1)/INDEX('All Facts'!$F:$F,MATCH(Recipie!$B14,'All Facts'!$B:$B,0),1)*$C14 -> 210 | M14: =INDEX('All Facts'!P:P,MATCH(Recipie!$B14,'All Facts'!$B:$B,0),1)/INDEX('All Facts'!$F:$F,MATCH(Recipie!$B14,'All Facts'!$B:$B,0),1)*$C14 -> 3 | N14: =INDEX('All Facts'!Q:Q,MATCH(Recipie!$B14,'All Facts'!$B:$B,0),1)/INDEX('All Facts'!$F:$F,MATCH(Recipie!$B14,'All Facts'!$B:$B,0),1)*$C14 -> 90 | O14: =INDEX('All Facts'!R:R,MATCH(Recipie!$B14,'All Facts'!$B:$B,0),1)/INDEX('All Facts'!$F:$F,MATCH(Recipie!$B14,'All Facts'!$B:$B,0),1)*$C14 -> 2.7 | P14: =INDEX('All Facts'!S:S,MATCH(Recipie!$B14,'All Facts'!$B:$B,0),1)/INDEX('All Facts'!$F:$F,MATCH(Recipie!$B14,'All Facts'!$B:$B,0),1)*$C14 -> 0 | Q14: =INDEX('All Facts'!T:T,MATCH(Recipie!$B14,'All Facts'!$B:$B,0),1)/INDEX('All Facts'!$F:$F,MATCH(Recipie!$B14,'All Facts'!$B:$B,0),1)*$C14 -> 0 | R14: =INDEX('All Facts'!U:U,MATCH(Recipie!$B14,'All Facts'!$B:$B,0),1)/INDEX('All Facts'!$F:$F,MATCH(Recipie!$B14,'All Facts'!$B:$B,0),1)*$C14 -> 0 | S14: =INDEX('All Facts'!V:V,MATCH(Recipie!$B14,'All Facts'!$B:$B,0),1)/INDEX('All Facts'!$F:$F,MATCH(Recipie!$B14,'All Facts'!$B:$B,0),1)*$C14 -> 0 | T14: =INDEX('All Facts'!W:W,MATCH(Recipie!$B14,'All Facts'!$B:$B,0),1)/INDEX('All Facts'!$F:$F,MATCH(Recipie!$B14,'All Facts'!$B:$B,0),1)*$C14 -> 0 | U14: =INDEX('All Facts'!X:X,MATCH(Recipie!$B14,'All Facts'!$B:$B,0),1)/INDEX('All Facts'!$F:$F,MATCH(Recipie!$B14,'All Facts'!$B:$B,0),1)*$C14 -> 0 | V14: =INDEX('All Facts'!Y:Y,MATCH(Recipie!$B14,'All Facts'!$B:$B,0),1)/INDEX('All Facts'!$F:$F,MATCH(Recipie!$B14,'All Facts'!$B:$B,0),1)*$C14 -> 0 | W14: =INDEX('All Facts'!Z:Z,MATCH(Recipie!$B14,'All Facts'!$B:$B,0),1)/INDEX('All Facts'!$F:$F,MATCH(Recipie!$B14,'All Facts'!$B:$B,0),1)*$C14 -> 0
A15: Fried Shrimp 2 | B15: All Purpose Flour | C15: =AC5/AE5*C16 -> 66.176471 | D15: =INDEX('All Facts'!G:G,MATCH(Recipie!$B15,'All Facts'!$B:$B,0),1)/INDEX('All Facts'!$F:$F,MATCH(Recipie!$B15,'All Facts'!$B:$B,0),1)*$C15 -> 242.64706 | E15: =INDEX('All Facts'!H:H,MATCH(Recipie!$B15,'All Facts'!$B:$B,0),1)/INDEX('All Facts'!$F:$F,MATCH(Recipie!$B15,'All Facts'!$B:$B,0),1)*$C15 -> 0 | F15: =INDEX('All Facts'!I:I,MATCH(Recipie!$B15,'All Facts'!$B:$B,0),1)/INDEX('All Facts'!$F:$F,MATCH(Recipie!$B15,'All Facts'!$B:$B,0),1)*$C15 -> 50.735294 | G15: =INDEX('All Facts'!J:J,MATCH(Recipie!$B15,'All Facts'!$B:$B,0),1)/INDEX('All Facts'!$F:$F,MATCH(Recipie!$B15,'All Facts'!$B:$B,0),1)*$C15 -> 4.4117647 | H15: =INDEX('All Facts'!K:K,MATCH(Recipie!$B15,'All Facts'!$B:$B,0),1)/INDEX('All Facts'!$F:$F,MATCH(Recipie!$B15,'All Facts'!$B:$B,0),1)*$C15 -> 0 | I15: =INDEX('All Facts'!L:L,MATCH(Recipie!$B15,'All Facts'!$B:$B,0),1)/INDEX('All Facts'!$F:$F,MATCH(Recipie!$B15,'All Facts'!$B:$B,0),1)*$C15 -> 0 | J15: =INDEX('All Facts'!M:M,MATCH(Recipie!$B15,'All Facts'!$B:$B,0),1)/INDEX('All Facts'!$F:$F,MATCH(Recipie!$B15,'All Facts'!$B:$B,0),1)*$C15 -> 0 | K15: =INDEX('All Facts'!N:N,MATCH(Recipie!$B15,'All Facts'!$B:$B,0),1)/INDEX('All Facts'!$F:$F,MATCH(Recipie!$B15,'All Facts'!$B:$B,0),1)*$C15 -> 0 | L15: =INDEX('All Facts'!O:O,MATCH(Recipie!$B15,'All Facts'!$B:$B,0),1)/INDEX('All Facts'!$F:$F,MATCH(Recipie!$B15,'All Facts'!$B:$B,0),1)*$C15 -> 0 | M15: =INDEX('All Facts'!P:P,MATCH(Recipie!$B15,'All Facts'!$B:$B,0),1)/INDEX('All Facts'!$F:$F,MATCH(Recipie!$B15,'All Facts'!$B:$B,0),1)*$C15 -> 0 | N15: =INDEX('All Facts'!Q:Q,MATCH(Recipie!$B15,'All Facts'!$B:$B,0),1)/INDEX('All Facts'!$F:$F,MATCH(Recipie!$B15,'All Facts'!$B:$B,0),1)*$C15 -> 0 | O15: =INDEX('All Facts'!R:R,MATCH(Recipie!$B15,'All Facts'!$B:$B,0),1)/INDEX('All Facts'!$F:$F,MATCH(Recipie!$B15,'All Facts'!$B:$B,0),1)*$C15 -> 2.8676471 | P15: =INDEX('All Facts'!S:S,MATCH(Recipie!$B15,'All Facts'!$B:$B,0),1)/INDEX('All Facts'!$F:$F,MATCH(Recipie!$B15,'All Facts'!$B:$B,0),1)*$C15 -> 66.176471 | Q15: =INDEX('All Facts'!T:T,MATCH(Recipie!$B15,'All Facts'!$B:$B,0),1)/INDEX('All Facts'!$F:$F,MATCH(Recipie!$B15,'All Facts'!$B:$B,0),1)*$C15 -> 0 | R15: =INDEX('All Facts'!U:U,MATCH(Recipie!$B15,'All Facts'!$B:$B,0),1)/INDEX('All Facts'!$F:$F,MATCH(Recipie!$B15,'All Facts'!$B:$B,0),1)*$C15 -> 0 | S15: =INDEX('All Facts'!V:V,MATCH(Recipie!$B15,'All Facts'!$B:$B,0),1)/INDEX('All Facts'!$F:$F,MATCH(Recipie!$B15,'All Facts'!$B:$B,0),1)*$C15 -> 0 | T15: =INDEX('All Facts'!W:W,MATCH(Recipie!$B15,'All Facts'!$B:$B,0),1)/INDEX('All Facts'!$F:$F,MATCH(Recipie!$B15,'All Facts'!$B:$B,0),1)*$C15 -> 0 | U15: =INDEX('All Facts'!X:X,MATCH(Recipie!$B15,'All Facts'!$B:$B,0),1)/INDEX('All Facts'!$F:$F,MATCH(Recipie!$B15,'All Facts'!$B:$B,0),1)*$C15 -> 110.29412 | V15: =INDEX('All Facts'!Y:Y,MATCH(Recipie!$B15,'All Facts'!$B:$B,0),1)/INDEX('All Facts'!$F:$F,MATCH(Recipie!$B15,'All Facts'!$B:$B,0),1)*$C15 -> 3.0882353 | W15: =INDEX('All Facts'!Z:Z,MATCH(Recipie!$B15,'All Facts'!$B:$B,0),1)/INDEX('All Facts'!$F:$F,MATCH(Recipie!$B15,'All Facts'!$B:$B,0),1)*$C15 -> 0.48529412
A16: Fried Shrimp 2 | B16: Fishermans Market Tail On Peeled & Deveined Cooked Shrimp | C16: =Solver!C13 -> 1125 | D16: =INDEX('All Facts'!G:G,MATCH(Recipie!$B16,'All Facts'!$B:$B,0),1)/INDEX('All Facts'!$F:$F,MATCH(Recipie!$B16,'All Facts'!$B:$B,0),1)*$C16 -> 595.58824 | E16: =INDEX('All Facts'!H:H,MATCH(Recipie!$B16,'All Facts'!$B:$B,0),1)/INDEX('All Facts'!$F:$F,MATCH(Recipie!$B16,'All Facts'!$B:$B,0),1)*$C16 -> 0 | F16: =INDEX('All Facts'!I:I,MATCH(Recipie!$B16,'All Facts'!$B:$B,0),1)/INDEX('All Facts'!$F:$F,MATCH(Recipie!$B16,'All Facts'!$B:$B,0),1)*$C16 -> 0 | G16: =INDEX('All Facts'!J:J,MATCH(Recipie!$B16,'All Facts'!$B:$B,0),1)/INDEX('All Facts'!$F:$F,MATCH(Recipie!$B16,'All Facts'!$B:$B,0),1)*$C16 -> 145.58824 | H16: =INDEX('All Facts'!K:K,MATCH(Recipie!$B16,'All Facts'!$B:$B,0),1)/INDEX('All Facts'!$F:$F,MATCH(Recipie!$B16,'All Facts'!$B:$B,0),1)*$C16 -> 0 | I16: =INDEX('All Facts'!L:L,MATCH(Recipie!$B16,'All Facts'!$B:$B,0),1)/INDEX('All Facts'!$F:$F,MATCH(Recipie!$B16,'All Facts'!$B:$B,0),1)*$C16 -> 0 | J16: =INDEX('All Facts'!M:M,MATCH(Recipie!$B16,'All Facts'!$B:$B,0),1)/INDEX('All Facts'!$F:$F,MATCH(Recipie!$B16,'All Facts'!$B:$B,0),1)*$C16 -> 0 | K16: =INDEX('All Facts'!N:N,MATCH(Recipie!$B16,'All Facts'!$B:$B,0),1)/INDEX('All Facts'!$F:$F,MATCH(Recipie!$B16,'All Facts'!$B:$B,0),1)*$C16 -> 1588.2353 | L16: =INDEX('All Facts'!O:O,MATCH(Recipie!$B16,'All Facts'!$B:$B,0),1)/INDEX('All Facts'!$F:$F,MATCH(Recipie!$B16,'All Facts'!$B:$B,0),1)*$C16 -> 5294.1176 | M16: =INDEX('All Facts'!P:P,MATCH(Recipie!$B16,'All Facts'!$B:$B,0),1)/INDEX('All Facts'!$F:$F,MATCH(Recipie!$B16,'All Facts'!$B:$B,0),1)*$C16 -> 0 | N16: =INDEX('All Facts'!Q:Q,MATCH(Recipie!$B16,'All Facts'!$B:$B,0),1)/INDEX('All Facts'!$F:$F,MATCH(Recipie!$B16,'All Facts'!$B:$B,0),1)*$C16 -> 0 | O16: =INDEX('All Facts'!R:R,MATCH(Recipie!$B16,'All Facts'!$B:$B,0),1)/INDEX('All Facts'!$F:$F,MATCH(Recipie!$B16,'All Facts'!$B:$B,0),1)*$C16 -> 0 | P16: =INDEX('All Facts'!S:S,MATCH(Recipie!$B16,'All Facts'!$B:$B,0),1)/INDEX('All Facts'!$F:$F,MATCH(Recipie!$B16,'All Facts'!$B:$B,0),1)*$C16 -> 0 | Q16: =INDEX('All Facts'!T:T,MATCH(Recipie!$B16,'All Facts'!$B:$B,0),1)/INDEX('All Facts'!$F:$F,MATCH(Recipie!$B16,'All Facts'!$B:$B,0),1)*$C16 -> 0 | R16: =INDEX('All Facts'!U:U,MATCH(Recipie!$B16,'All Facts'!$B:$B,0),1)/INDEX('All Facts'!$F:$F,MATCH(Recipie!$B16,'All Facts'!$B:$B,0),1)*$C16 -> 0 | S16: =INDEX('All Facts'!V:V,MATCH(Recipie!$B16,'All Facts'!$B:$B,0),1)/INDEX('All Facts'!$F:$F,MATCH(Recipie!$B16,'All Facts'!$B:$B,0),1)*$C16 -> 0 | T16: =INDEX('All Facts'!W:W,MATCH(Recipie!$B16,'All Facts'!$B:$B,0),1)/INDEX('All Facts'!$F:$F,MATCH(Recipie!$B16,'All Facts'!$B:$B,0),1)*$C16 -> 0 | U16: =INDEX('All Facts'!X:X,MATCH(Recipie!$B16,'All Facts'!$B:$B,0),1)/INDEX('All Facts'!$F:$F,MATCH(Recipie!$B16,'All Facts'!$B:$B,0),1)*$C16 -> 0 | V16: =INDEX('All Facts'!Y:Y,MATCH(Recipie!$B16,'All Facts'!$B:$B,0),1)/INDEX('All Facts'!$F:$F,MATCH(Recipie!$B16,'All Facts'!$B:$B,0),1)*$C16 -> 0 | W16: =INDEX('All Facts'!Z:Z,MATCH(Recipie!$B16,'All Facts'!$B:$B,0),1)/INDEX('All Facts'!$F:$F,MATCH(Recipie!$B16,'All Facts'!$B:$B,0),1)*$C16 -> 0
A17: Fried Shrimp 2 | B17: Total | C17: =SUM(C14:C16) -> 1341.1765 | D17: =SUM(D14:D16) -> 1048.2353 | E17: =SUM(E14:E16) -> 15 | F17: =SUM(F14:F16) -> 50.735294 | G17: =SUM(G14:G16) -> 168 | H17: =SUM(H14:H16) -> 4.5 | I17: =SUM(I14:I16) -> 0 | J17: =SUM(J14:J16) -> 0 | ... W17: =SUM(W14:W16) -> 0.48529412
A19: Name | B19: Ingredient | C19: Grams Selected | D19: ='All Facts'!G19 -> 0 | E19: ='All Facts'!H19 -> 0 | F19: ='All Facts'!I19 -> 0 | G19: ='All Facts'!J19 -> 0 | H19: ='All Facts'!K19 -> 0 | I19: ='All Facts'!L19 -> 0 | J19: ='All Facts'!M19 -> 0 | K19: ='All Facts'!N19 -> 0 | ... W19: ='All Facts'!Z19 -> 0
A20: Chicken Nuggets 2 | B20: Grade A Large Egg | C20: =MROUND(AC2/AE2*C22,AC2) -> 100 | D20: =INDEX('All Facts'!G:G,MATCH(Recipie!$B20,'All Facts'!$B:$B,0),1)/INDEX('All Facts'!$F:$F,MATCH(Recipie!$B20,'All Facts'!$B:$B,0),1)*$C20 -> 140 | E20: =INDEX('All Facts'!H:H,MATCH(Recipie!$B20,'All Facts'!$B:$B,0),1)/INDEX('All Facts'!$F:$F,MATCH(Recipie!$B20,'All Facts'!$B:$B,0),1)*$C20 -> 10 | F20: =INDEX('All Facts'!I:I,MATCH(Recipie!$B20,'All Facts'!$B:$B,0),1)/INDEX('All Facts'!$F:$F,MATCH(Recipie!$B20,'All Facts'!$B:$B,0),1)*$C20 -> 0 | G20: =INDEX('All Facts'!J:J,MATCH(Recipie!$B20,'All Facts'!$B:$B,0),1)/INDEX('All Facts'!$F:$F,MATCH(Recipie!$B20,'All Facts'!$B:$B,0),1)*$C20 -> 12 | H20: =INDEX('All Facts'!K:K,MATCH(Recipie!$B20,'All Facts'!$B:$B,0),1)/INDEX('All Facts'!$F:$F,MATCH(Recipie!$B20,'All Facts'!$B:$B,0),1)*$C20 -> 3 | I20: =INDEX('All Facts'!L:L,MATCH(Recipie!$B20,'All Facts'!$B:$B,0),1)/INDEX('All Facts'!$F:$F,MATCH(Recipie!$B20,'All Facts'!$B:$B,0),1)*$C20 -> 0 | J20: =INDEX('All Facts'!M:M,MATCH(Recipie!$B20,'All Facts'!$B:$B,0),1)/INDEX('All Facts'!$F:$F,MATCH(Recipie!$B20,'All Facts'!$B:$B,0),1)*$C20 -> 0 | K20: =INDEX('All Facts'!N:N,MATCH(Recipie!$B20,'All Facts'!$B:$B,0),1)/INDEX('All Facts'!$F:$F,MATCH(Recipie!$B20,'All Facts'!$B:$B,0),1)*$C20 -> 370 | L20: =INDEX('All Facts'!O:O,MATCH(Recipie!$B20,'All Facts'!$B:$B,0),1)/INDEX('All Facts'!$F:$F,MATCH(Recipie!$B20,'All Facts'!$B:$B,0),1)*$C20 -> 140 | M20: =INDEX('All Facts'!P:P,MATCH(Recipie!$B20,'All Facts'!$B:$B,0),1)/INDEX('All Facts'!$F:$F,MATCH(Recipie!$B20,'All Facts'!$B:$B,0),1)*$C20 -> 2 | N20: =INDEX('All Facts'!Q:Q,MATCH(Recipie!$B20,'All Facts'!$B:$B,0),1)/INDEX('All Facts'!$F:$F,MATCH(Recipie!$B20,'All Facts'!$B:$B,0),1)*$C20 -> 60 | O20: =INDEX('All Facts'!R:R,MATCH(Recipie!$B20,'All Facts'!$B:$B,0),1)/INDEX('All Facts'!$F:$F,MATCH(Recipie!$B20,'All Facts'!$B:$B,0),1)*$C20 -> 1.8 | P20: =INDEX('All Facts'!S:S,MATCH(Recipie!$B20,'All Facts'!$B:$B,0),1)/INDEX('All Facts'!$F:$F,MATCH(Recipie!$B20,'All Facts'!$B:$B,0),1)*$C20 -> 0 | Q20: =INDEX('All Facts'!T:T,MATCH(Recipie!$B20,'All Facts'!$B:$B,0),1)/INDEX('All Facts'!$F:$F,MATCH(Recipie!$B20,'All Facts'!$B:$B,0),1)*$C20 -> 0 | R20: =INDEX('All Facts'!U:U,MATCH(Recipie!$B20,'All Facts'!$B:$B,0),1)/INDEX('All Facts'!$F:$F,MATCH(Recipie!$B20,'All Facts'!$B:$B,0),1)*$C20 -> 0 | S20: =INDEX('All Facts'!V:V,MATCH(Recipie!$B20,'All Facts'!$B:$B,0),1)/INDEX('All Facts'!$F:$F,MATCH(Recipie!$B20,'All Facts'!$B:$B,0),1)*$C20 -> 0 | T20: =INDEX('All Facts'!W:W,MATCH(Recipie!$B20,'All Facts'!$B:$B,0),1)/INDEX('All Facts'!$F:$F,MATCH(Recipie!$B20,'All Facts'!$B:$B,0),1)*$C20 -> 0 | U20: =INDEX('All Facts'!X:X,MATCH(Recipie!$B20,'All Facts'!$B:$B,0),1)/INDEX('All Facts'!$F:$F,MATCH(Recipie!$B20,'All Facts'!$B:$B,0),1)*$C20 -> 0 | V20: =INDEX('All Facts'!Y:Y,MATCH(Recipie!$B20,'All Facts'!$B:$B,0),1)/INDEX('All Facts'!$F:$F,MATCH(Recipie!$B20,'All Facts'!$B:$B,0),1)*$C20 -> 0 | W20: =INDEX('All Facts'!Z:Z,MATCH(Recipie!$B20,'All Facts'!$B:$B,0),1)/INDEX('All Facts'!$F:$F,MATCH(Recipie!$B20,'All Facts'!$B:$B,0),1)*$C20 -> 0
A21: Chicken Nuggets 2 | B21: All Purpose Flour | C21: =AC3/AE3*C22 -> 72.546508 | D21: =INDEX('All Facts'!G:G,MATCH(Recipie!$B21,'All Facts'!$B:$B,0),1)/INDEX('All Facts'!$F:$F,MATCH(Recipie!$B21,'All Facts'!$B:$B,0),1)*$C21 -> 266.00386 | E21: =INDEX('All Facts'!H:H,MATCH(Recipie!$B21,'All Facts'!$B:$B,0),1)/INDEX('All Facts'!$F:$F,MATCH(Recipie!$B21,'All Facts'!$B:$B,0),1)*$C21 -> 0 | F21: =INDEX('All Facts'!I:I,MATCH(Recipie!$B21,'All Facts'!$B:$B,0),1)/INDEX('All Facts'!$F:$F,MATCH(Recipie!$B21,'All Facts'!$B:$B,0),1)*$C21 -> 55.618989 | G21: =INDEX('All Facts'!J:J,MATCH(Recipie!$B21,'All Facts'!$B:$B,0),1)/INDEX('All Facts'!$F:$F,MATCH(Recipie!$B21,'All Facts'!$B:$B,0),1)*$C21 -> 4.8364338 | H21: =INDEX('All Facts'!K:K,MATCH(Recipie!$B21,'All Facts'!$B:$B,0),1)/INDEX('All Facts'!$F:$F,MATCH(Recipie!$B21,'All Facts'!$B:$B,0),1)*$C21 -> 0 | I21: =INDEX('All Facts'!L:L,MATCH(Recipie!$B21,'All Facts'!$B:$B,0),1)/INDEX('All Facts'!$F:$F,MATCH(Recipie!$B21,'All Facts'!$B:$B,0),1)*$C21 -> 0 | J21: =INDEX('All Facts'!M:M,MATCH(Recipie!$B21,'All Facts'!$B:$B,0),1)/INDEX('All Facts'!$F:$F,MATCH(Recipie!$B21,'All Facts'!$B:$B,0),1)*$C21 -> 0 | K21: =INDEX('All Facts'!N:N,MATCH(Recipie!$B21,'All Facts'!$B:$B,0),1)/INDEX('All Facts'!$F:$F,MATCH(Recipie!$B21,'All Facts'!$B:$B,0),1)*$C21 -> 0 | L21: =INDEX('All Facts'!O:O,MATCH(Recipie!$B21,'All Facts'!$B:$B,0),1)/INDEX('All Facts'!$F:$F,MATCH(Recipie!$B21,'All Facts'!$B:$B,0),1)*$C21 -> 0 | M21: =INDEX('All Facts'!P:P,MATCH(Recipie!$B21,'All Facts'!$B:$B,0),1)/INDEX('All Facts'!$F:$F,MATCH(Recipie!$B21,'All Facts'!$B:$B,0),1)*$C21 -> 0 | N21: =INDEX('All Facts'!Q:Q,MATCH(Recipie!$B21,'All Facts'!$B:$B,0),1)/INDEX('All Facts'!$F:$F,MATCH(Recipie!$B21,'All Facts'!$B:$B,0),1)*$C21 -> 0 | O21: =INDEX('All Facts'!R:R,MATCH(Recipie!$B21,'All Facts'!$B:$B,0),1)/INDEX('All Facts'!$F:$F,MATCH(Recipie!$B21,'All Facts'!$B:$B,0),1)*$C21 -> 3.143682 | P21: =INDEX('All Facts'!S:S,MATCH(Recipie!$B21,'All Facts'!$B:$B,0),1)/INDEX('All Facts'!$F:$F,MATCH(Recipie!$B21,'All Facts'!$B:$B,0),1)*$C21 -> 72.546508 | Q21: =INDEX('All Facts'!T:T,MATCH(Recipie!$B21,'All Facts'!$B:$B,0),1)/INDEX('All Facts'!$F:$F,MATCH(Recipie!$B21,'All Facts'!$B:$B,0),1)*$C21 -> 0 | R21: =INDEX('All Facts'!U:U,MATCH(Recipie!$B21,'All Facts'!$B:$B,0),1)/INDEX('All Facts'!$F:$F,MATCH(Recipie!$B21,'All Facts'!$B:$B,0),1)*$C21 -> 0 | S21: =INDEX('All Facts'!V:V,MATCH(Recipie!$B21,'All Facts'!$B:$B,0),1)/INDEX('All Facts'!$F:$F,MATCH(Recipie!$B21,'All Facts'!$B:$B,0),1)*$C21 -> 0 | T21: =INDEX('All Facts'!W:W,MATCH(Recipie!$B21,'All Facts'!$B:$B,0),1)/INDEX('All Facts'!$F:$F,MATCH(Recipie!$B21,'All Facts'!$B:$B,0),1)*$C21 -> 0 | U21: =INDEX('All Facts'!X:X,MATCH(Recipie!$B21,'All Facts'!$B:$B,0),1)/INDEX('All Facts'!$F:$F,MATCH(Recipie!$B21,'All Facts'!$B:$B,0),1)*$C21 -> 120.91085 | V21: =INDEX('All Facts'!Y:Y,MATCH(Recipie!$B21,'All Facts'!$B:$B,0),1)/INDEX('All Facts'!$F:$F,MATCH(Recipie!$B21,'All Facts'!$B:$B,0),1)*$C21 -> 3.3855037 | W21: =INDEX('All Facts'!Z:Z,MATCH(Recipie!$B21,'All Facts'!$B:$B,0),1)/INDEX('All Facts'!$F:$F,MATCH(Recipie!$B21,'All Facts'!$B:$B,0),1)*$C21 -> 0.53200772
A22: Chicken Nuggets 2 | B22: Chicken Breast | C22: =Solver!C15 -> 677.10074 | D22: =INDEX('All Facts'!G:G,MATCH(Recipie!$B22,'All Facts'!$B:$B,0),1)/INDEX('All Facts'!$F:$F,MATCH(Recipie!$B22,'All Facts'!$B:$B,0),1)*$C22 -> 665.00965 | E22: =INDEX('All Facts'!H:H,MATCH(Recipie!$B22,'All Facts'!$B:$B,0),1)/INDEX('All Facts'!$F:$F,MATCH(Recipie!$B22,'All Facts'!$B:$B,0),1)*$C22 -> 6.0455423 | F22: =INDEX('All Facts'!I:I,MATCH(Recipie!$B22,'All Facts'!$B:$B,0),1)/INDEX('All Facts'!$F:$F,MATCH(Recipie!$B22,'All Facts'!$B:$B,0),1)*$C22 -> 0 | G22: =INDEX('All Facts'!J:J,MATCH(Recipie!$B22,'All Facts'!$B:$B,0),1)/INDEX('All Facts'!$F:$F,MATCH(Recipie!$B22,'All Facts'!$B:$B,0),1)*$C22 -> 151.13856 | H22: =INDEX('All Facts'!K:K,MATCH(Recipie!$B22,'All Facts'!$B:$B,0),1)/INDEX('All Facts'!$F:$F,MATCH(Recipie!$B22,'All Facts'!$B:$B,0),1)*$C22 -> 0 | I22: =INDEX('All Facts'!L:L,MATCH(Recipie!$B22,'All Facts'!$B:$B,0),1)/INDEX('All Facts'!$F:$F,MATCH(Recipie!$B22,'All Facts'!$B:$B,0),1)*$C22 -> 0 | J22: =INDEX('All Facts'!M:M,MATCH(Recipie!$B22,'All Facts'!$B:$B,0),1)/INDEX('All Facts'!$F:$F,MATCH(Recipie!$B22,'All Facts'!$B:$B,0),1)*$C22 -> 0 | K22: =INDEX('All Facts'!N:N,MATCH(Recipie!$B22,'All Facts'!$B:$B,0),1)/INDEX('All Facts'!$F:$F,MATCH(Recipie!$B22,'All Facts'!$B:$B,0),1)*$C22 -> 483.64338 | L22: =INDEX('All Facts'!O:O,MATCH(Recipie!$B22,'All Facts'!$B:$B,0),1)/INDEX('All Facts'!$F:$F,MATCH(Recipie!$B22,'All Facts'!$B:$B,0),1)*$C22 -> 453.41567 | M22: =INDEX('All Facts'!P:P,MATCH(Recipie!$B22,'All Facts'!$B:$B,0),1)/INDEX('All Facts'!$F:$F,MATCH(Recipie!$B22,'All Facts'!$B:$B,0),1)*$C22 -> 0 | N22: =INDEX('All Facts'!Q:Q,MATCH(Recipie!$B22,'All Facts'!$B:$B,0),1)/INDEX('All Facts'!$F:$F,MATCH(Recipie!$B22,'All Facts'!$B:$B,0),1)*$C22 -> 0 | O22: =INDEX('All Facts'!R:R,MATCH(Recipie!$B22,'All Facts'!$B:$B,0),1)/INDEX('All Facts'!$F:$F,MATCH(Recipie!$B22,'All Facts'!$B:$B,0),1)*$C22 -> 2.1763952 | P22: =INDEX('All Facts'!S:S,MATCH(Recipie!$B22,'All Facts'!$B:$B,0),1)/INDEX('All Facts'!$F:$F,MATCH(Recipie!$B22,'All Facts'!$B:$B,0),1)*$C22 -> 0 | Q22: =INDEX('All Facts'!T:T,MATCH(Recipie!$B22,'All Facts'!$B:$B,0),1)/INDEX('All Facts'!$F:$F,MATCH(Recipie!$B22,'All Facts'!$B:$B,0),1)*$C22 -> 0 | R22: =INDEX('All Facts'!U:U,MATCH(Recipie!$B22,'All Facts'!$B:$B,0),1)/INDEX('All Facts'!$F:$F,MATCH(Recipie!$B22,'All Facts'!$B:$B,0),1)*$C22 -> 0 | S22: =INDEX('All Facts'!V:V,MATCH(Recipie!$B22,'All Facts'!$B:$B,0),1)/INDEX('All Facts'!$F:$F,MATCH(Recipie!$B22,'All Facts'!$B:$B,0),1)*$C22 -> 0 | T22: =INDEX('All Facts'!W:W,MATCH(Recipie!$B22,'All Facts'!$B:$B,0),1)/INDEX('All Facts'!$F:$F,MATCH(Recipie!$B22,'All Facts'!$B:$B,0),1)*$C22 -> 0 | U22: =INDEX('All Facts'!X:X,MATCH(Recipie!$B22,'All Facts'!$B:$B,0),1)/INDEX('All Facts'!$F:$F,MATCH(Recipie!$B22,'All Facts'!$B:$B,0),1)*$C22 -> 0 | V22: =INDEX('All Facts'!Y:Y,MATCH(Recipie!$B22,'All Facts'!$B:$B,0),1)/INDEX('All Facts'!$F:$F,MATCH(Recipie!$B22,'All Facts'!$B:$B,0),1)*$C22 -> 0 | W22: =INDEX('All Facts'!Z:Z,MATCH(Recipie!$B22,'All Facts'!$B:$B,0),1)/INDEX('All Facts'!$F:$F,MATCH(Recipie!$B22,'All Facts'!$B:$B,0),1)*$C22 -> 0
A23: Chicken Nuggets 2 | B23: Total | C23: =SUM(C20:C22) -> 849.64724 | D23: =SUM(D20:D22) -> 1071.0135 | E23: =SUM(E20:E22) -> 16.045542 | F23: =SUM(F20:F22) -> 55.618989 | G23: =SUM(G20:G22) -> 167.97499 | H23: =SUM(H20:H22) -> 3 | I23: =SUM(I20:I22) -> 0 | J23: =SUM(J20:J22) -> 0 | ... W23: =SUM(W20:W22) -> 0.53200772

Sheet Solver
A1: Everyday | B1: Name | C1: Grams | D1: Calories | E1: Total Fat Grams | F1: Total Carb Grams | G1: Protein Grams | H1: Saturated Fat Grams | I1: Polysaturated Fat Grams | J1: Monosaturated Fat Grams | K1: Cholesterol mg | L1: Sodium mg | M1: Vitamin D mcg | N1: Calcium mg | O1: Iron mg | P1: Potassium mg | Q1: Dietary Fiber grams | R1: Total Sugars Grams | S1: Vitamin C mg | T1: Vitamin B6 mg | U1: Folic Acid mcg | V1: Niacin mg | W1: Thiamin mg | Z1: ='All Facts'!B11 -> Colby Jack Cheese | AA1: Day | AB1: Grams | AC1: Calories | AD1: Total Fat Grams | AE1: Total Carb Grams | AF1: Protein Grams | AG1: Saturated Fat Grams | AH1: Polysaturated Fat Grams | AI1: Monosaturated Fat Grams | AJ1: Cholesterol mg | AK1: Sodium mg | AL1: Vitamin D mcg | AM1: Calcium mg | AN1: Iron mg | AO1: Potassium mg | AP1: Dietary Fiber grams | AQ1: Total Sugars Grams | AR1: Vitamin C mg | AS1: Vitamin B6 mg | AT1: Folic Acid mcg | AU1: Niacin mg | AV1: Thiamin mg | AW1: Cubes
B2: Pre-Washed Russet Potatoes | C2: 150 | D2: =INDEX('All Facts'!G:G,MATCH(Solver!$B2,'All Facts'!$B:$B,0),1)/INDEX('All Facts'!$F:$F,MATCH(Solver!$B2,'All Facts'!$B:$B,0),1)*$C2 -> 111.48649 | E2: =INDEX('All Facts'!H:H,MATCH(Solver!$B2,'All Facts'!$B:$B,0),1)/INDEX('All Facts'!$F:$F,MATCH(Solver!$B2,'All Facts'!$B:$B,0),1)*$C2 -> 0 | F2: =INDEX('All Facts'!I:I,MATCH(Solver!$B2,'All Facts'!$B:$B,0),1)/INDEX('All Facts'!$F:$F,MATCH(Solver!$B2,'All Facts'!$B:$B,0),1)*$C2 -> 26.351351 | G2: =INDEX('All Facts'!J:J,MATCH(Solver!$B2,'All Facts'!$B:$B,0),1)/INDEX('All Facts'!$F:$F,MATCH(Solver!$B2,'All Facts'!$B:$B,0),1)*$C2 -> 3.0405405 | H2: =INDEX('All Facts'!K:K,MATCH(Solver!$B2,'All Facts'!$B:$B,0),1)/INDEX('All Facts'!$F:$F,MATCH(Solver!$B2,'All Facts'!$B:$B,0),1)*$C2 -> 0 | I2: =INDEX('All Facts'!L:L,MATCH(Solver!$B2,'All Facts'!$B:$B,0),1)/INDEX('All Facts'!$F:$F,MATCH(Solver!$B2,'All Facts'!$B:$B,0),1)*$C2 -> 0 | J2: =INDEX('All Facts'!M:M,MATCH(Solver!$B2,'All Facts'!$B:$B,0),1)/INDEX('All Facts'!$F:$F,MATCH(Solver!$B2,'All Facts'!$B:$B,0),1)*$C2 -> 0 | K2: =INDEX('All Facts'!N:N,MATCH(Solver!$B2,'All Facts'!$B:$B,0),1)/INDEX('All Facts'!$F:$F,MATCH(Solver!$B2,'All Facts'!$B:$B,0),1)*$C2 -> 0 | L2: =INDEX('All Facts'!O:O,MATCH(Solver!$B2,'All Facts'!$B:$B,0),1)/INDEX('All Facts'!$F:$F,MATCH(Solver!$B2,'All Facts'!$B:$B,0),1)*$C2 -> 0 | M2: =INDEX('All Facts'!P:P,MATCH(Solver!$B2,'All Facts'!$B:$B,0),1)/INDEX('All Facts'!$F:$F,MATCH(Solver!$B2,'All Facts'!$B:$B,0),1)*$C2 -> 0 | N2: =INDEX('All Facts'!Q:Q,MATCH(Solver!$B2,'All Facts'!$B:$B,0),1)/INDEX('All Facts'!$F:$F,MATCH(Solver!$B2,'All Facts'!$B:$B,0),1)*$C2 -> 20.27027 | O2: =INDEX('All Facts'!R:R,MATCH(Solver!$B2,'All Facts'!$B:$B,0),1)/INDEX('All Facts'!$F:$F,MATCH(Solver!$B2,'All Facts'!$B:$B,0),1)*$C2 -> 1.1148649 | P2: =INDEX('All Facts'!S:S,MATCH(Solver!$B2,'All Facts'!$B:$B,0),1)/INDEX('All Facts'!$F:$F,MATCH(Solver!$B2,'All Facts'!$B:$B,0),1)*$C2 -> 628.37838 | Q2: =INDEX('All Facts'!T:T,MATCH(Solver!$B2,'All Facts'!$B:$B,0),1)/INDEX('All Facts'!$F:$F,MATCH(Solver!$B2,'All Facts'!$B:$B,0),1)*$C2 -> 2.027027 | R2: =INDEX('All Facts'!U:U,MATCH(Solver!$B2,'All Facts'!$B:$B,0),1)/INDEX('All Facts'!$F:$F,MATCH(Solver!$B2,'All Facts'!$B:$B,0),1)*$C2 -> 1.0135135 | S2: =INDEX('All Facts'!V:V,MATCH(Solver!$B2,'All Facts'!$B:$B,0),1)/INDEX('All Facts'!$F:$F,MATCH(Solver!$B2,'All Facts'!$B:$B,0),1)*$C2 -> 26.351351 | T2: =INDEX('All Facts'!W:W,MATCH(Solver!$B2,'All Facts'!$B:$B,0),1)/INDEX('All Facts'!$F:$F,MATCH(Solver!$B2,'All Facts'!$B:$B,0),1)*$C2 -> 0.2027027 | U2: =INDEX('All Facts'!X:X,MATCH(Solver!$B2,'All Facts'!$B:$B,0),1)/INDEX('All Facts'!$F:$F,MATCH(Solver!$B2,'All Facts'!$B:$B,0),1)*$C2 -> 0 | V2: =INDEX('All Facts'!Y:Y,MATCH(Solver!$B2,'All Facts'!$B:$B,0),1)/INDEX('All Facts'!$F:$F,MATCH(Solver!$B2,'All Facts'!$B:$B,0),1)*$C2 -> 0 | W2: =INDEX('All Facts'!Z:Z,MATCH(Solver!$B2,'All Facts'!$B:$B,0),1)/INDEX('All Facts'!$F:$F,MATCH(Solver!$B2,'All Facts'!$B:$B,0),1)*$C2 -> 0 | AA2: 1 | AB2: 5.798092 | AC2: =INDEX('All Facts'!G:G,MATCH(Solver!$Z$1,'All Facts'!$B:$B,0),1)/INDEX('All Facts'!$F:$F,MATCH(Solver!$Z$1,'All Facts'!$B:$B,0),1)*$AB2 -> 22.778218 | AD2: =INDEX('All Facts'!H:H,MATCH(Solver!$Z$1,'All Facts'!$B:$B,0),1)/INDEX('All Facts'!$F:$F,MATCH(Solver!$Z$1,'All Facts'!$B:$B,0),1)*$AB2 -> 1.8636724 | AE2: =INDEX('All Facts'!I:I,MATCH(Solver!$Z$1,'All Facts'!$B:$B,0),1)/INDEX('All Facts'!$F:$F,MATCH(Solver!$Z$1,'All Facts'!$B:$B,0),1)*$AB2 -> 0.20707471 | AF2: =INDEX('All Facts'!J:J,MATCH(Solver!$Z$1,'All Facts'!$B:$B,0),1)/INDEX('All Facts'!$F:$F,MATCH(Solver!$Z$1,'All Facts'!$B:$B,0),1)*$AB2 -> 1.449523 | AG2: =INDEX('All Facts'!K:K,MATCH(Solver!$Z$1,'All Facts'!$B:$B,0),1)/INDEX('All Facts'!$F:$F,MATCH(Solver!$Z$1,'All Facts'!$B:$B,0),1)*$AB2 -> 1.0353736 | AH2: =INDEX('All Facts'!L:L,MATCH(Solver!$Z$1,'All Facts'!$B:$B,0),1)/INDEX('All Facts'!$F:$F,MATCH(Solver!$Z$1,'All Facts'!$B:$B,0),1)*$AB2 -> 0 | AI2: =INDEX('All Facts'!M:M,MATCH(Solver!$Z$1,'All Facts'!$B:$B,0),1)/INDEX('All Facts'!$F:$F,MATCH(Solver!$Z$1,'All Facts'!$B:$B,0),1)*$AB2 -> 0 | AJ2: =INDEX('All Facts'!N:N,MATCH(Solver!$Z$1,'All Facts'!$B:$B,0),1)/INDEX('All Facts'!$F:$F,MATCH(Solver!$Z$1,'All Facts'!$B:$B,0),1)*$AB2 -> 6.2122414 | AK2: =INDEX('All Facts'!O:O,MATCH(Solver!$Z$1,'All Facts'!$B:$B,0),1)/INDEX('All Facts'!$F:$F,MATCH(Solver!$Z$1,'All Facts'!$B:$B,0),1)*$AB2 -> 35.202701 | AL2: =INDEX('All Facts'!P:P,MATCH(Solver!$Z$1,'All Facts'!$B:$B,0),1)/INDEX('All Facts'!$F:$F,MATCH(Solver!$Z$1,'All Facts'!$B:$B,0),1)*$AB2 -> 0.041414943 | AM2: =INDEX('All Facts'!Q:Q,MATCH(Solver!$Z$1,'All Facts'!$B:$B,0),1)/INDEX('All Facts'!$F:$F,MATCH(Solver!$Z$1,'All Facts'!$B:$B,0),1)*$AB2 -> 41.414943 | AN2: =INDEX('All Facts'!R:R,MATCH(Solver!$Z$1,'All Facts'!$B:$B,0),1)/INDEX('All Facts'!$F:$F,MATCH(Solver!$Z$1,'All Facts'!$B:$B,0),1)*$AB2 -> 0.041414943 | AO2: =INDEX('All Facts'!S:S,MATCH(Solver!$Z$1,'All Facts'!$B:$B,0),1)/INDEX('All Facts'!$F:$F,MATCH(Solver!$Z$1,'All Facts'!$B:$B,0),1)*$AB2 -> 6.2122414 | AP2: =INDEX('All Facts'!T:T,MATCH(Solver!$Z$1,'All Facts'!$B:$B,0),1)/INDEX('All Facts'!$F:$F,MATCH(Solver!$Z$1,'All Facts'!$B:$B,0),1)*$AB2 -> 0 | AQ2: =INDEX('All Facts'!U:U,MATCH(Solver!$Z$1,'All Facts'!$B:$B,0),1)/INDEX('All Facts'!$F:$F,MATCH(Solver!$Z$1,'All Facts'!$B:$B,0),1)*$AB2 -> 0 | AR2: =INDEX('All Facts'!V:V,MATCH(Solver!$Z$1,'All Facts'!$B:$B,0),1)/INDEX('All Facts'!$F:$F,MATCH(Solver!$Z$1,'All Facts'!$B:$B,0),1)*$AB2 -> 0 | AS2: =INDEX('All Facts'!W:W,MATCH(Solver!$Z$1,'All Facts'!$B:$B,0),1)/INDEX('All Facts'!$F:$F,MATCH(Solver!$Z$1,'All Facts'!$B:$B,0),1)*$AB2 -> 0 | AT2: =INDEX('All Facts'!X:X,MATCH(Solver!$Z$1,'All Facts'!$B:$B,0),1)/INDEX('All Facts'!$F:$F,MATCH(Solver!$Z$1,'All Facts'!$B:$B,0),1)*$AB2 -> 0 | AU2: =INDEX('All Facts'!Y:Y,MATCH(Solver!$Z$1,'All Facts'!$B:$B,0),1)/INDEX('All Facts'!$F:$F,MATCH(Solver!$Z$1,'All Facts'!$B:$B,0),1)*$AB2 -> 0 | AV2: =INDEX('All Facts'!Z:Z,MATCH(Solver!$Z$1,'All Facts'!$B:$B,0),1)/INDEX('All Facts'!$F:$F,MATCH(Solver!$Z$1,'All Facts'!$B:$B,0),1)*$AB2 -> 0 | AW2: =ROUNDDOWN(6/28*Solver!AB2,0) -> 1
B3: Peanut Butter | C3: 60 | D3: =INDEX('All Facts'!G:G,MATCH(Solver!$B3,'All Facts'!$B:$B,0),1)/INDEX('All Facts'!$F:$F,MATCH(Solver!$B3,'All Facts'!$B:$B,0),1)*$C3 -> 337.5 | E3: =INDEX('All Facts'!H:H,MATCH(Solver!$B3,'All Facts'!$B:$B,0),1)/INDEX('All Facts'!$F:$F,MATCH(Solver!$B3,'All Facts'!$B:$B,0),1)*$C3 -> 28.125 | F3: =INDEX('All Facts'!I:I,MATCH(Solver!$B3,'All Facts'!$B:$B,0),1)/INDEX('All Facts'!$F:$F,MATCH(Solver!$B3,'All Facts'!$B:$B,0),1)*$C3 -> 13.125 | G3: =INDEX('All Facts'!J:J,MATCH(Solver!$B3,'All Facts'!$B:$B,0),1)/INDEX('All Facts'!$F:$F,MATCH(Solver!$B3,'All Facts'!$B:$B,0),1)*$C3 -> 13.125 | H3: =INDEX('All Facts'!K:K,MATCH(Solver!$B3,'All Facts'!$B:$B,0),1)/INDEX('All Facts'!$F:$F,MATCH(Solver!$B3,'All Facts'!$B:$B,0),1)*$C3 -> 4.6875 | I3: =INDEX('All Facts'!L:L,MATCH(Solver!$B3,'All Facts'!$B:$B,0),1)/INDEX('All Facts'!$F:$F,MATCH(Solver!$B3,'All Facts'!$B:$B,0),1)*$C3 -> 0 | J3: =INDEX('All Facts'!M:M,MATCH(Solver!$B3,'All Facts'!$B:$B,0),1)/INDEX('All Facts'!$F:$F,MATCH(Solver!$B3,'All Facts'!$B:$B,0),1)*$C3 -> 0 | K3: =INDEX('All Facts'!N:N,MATCH(Solver!$B3,'All Facts'!$B:$B,0),1)/INDEX('All Facts'!$F:$F,MATCH(Solver!$B3,'All Facts'!$B:$B,0),1)*$C3 -> 0 | L3: =INDEX('All Facts'!O:O,MATCH(Solver!$B3,'All Facts'!$B:$B,0),1)/INDEX('All Facts'!$F:$F,MATCH(Solver!$B3,'All Facts'!$B:$B,0),1)*$C3 -> 281.25 | M3: =INDEX('All Facts'!P:P,MATCH(Solver!$B3,'All Facts'!$B:$B,0),1)/INDEX('All Facts'!$F:$F,MATCH(Solver!$B3,'All Facts'!$B:$B,0),1)*$C3 -> 0 | N3: =INDEX('All Facts'!Q:Q,MATCH(Solver!$B3,'All Facts'!$B:$B,0),1)/INDEX('All Facts'!$F:$F,MATCH(Solver!$B3,'All Facts'!$B:$B,0),1)*$C3 -> 56.25 | O3: =INDEX('All Facts'!R:R,MATCH(Solver!$B3,'All Facts'!$B:$B,0),1)/INDEX('All Facts'!$F:$F,MATCH(Solver!$B3,'All Facts'!$B:$B,0),1)*$C3 -> 1.875 | P3: =INDEX('All Facts'!S:S,MATCH(Solver!$B3,'All Facts'!$B:$B,0),1)/INDEX('All Facts'!$F:$F,MATCH(Solver!$B3,'All Facts'!$B:$B,0),1)*$C3 -> 393.75 | Q3: =INDEX('All Facts'!T:T,MATCH(Solver!$B3,'All Facts'!$B:$B,0),1)/INDEX('All Facts'!$F:$F,MATCH(Solver!$B3,'All Facts'!$B:$B,0),1)*$C3 -> 3.75 | R3: =INDEX('All Facts'!U:U,MATCH(Solver!$B3,'All Facts'!$B:$B,0),1)/INDEX('All Facts'!$F:$F,MATCH(Solver!$B3,'All Facts'!$B:$B,0),1)*$C3 -> 7.5 | S3: =INDEX('All Facts'!V:V,MATCH(Solver!$B3,'All Facts'!$B:$B,0),1)/INDEX('All Facts'!$F:$F,MATCH(Solver!$B3,'All Facts'!$B:$B,0),1)*$C3 -> 0 | T3: =INDEX('All Facts'!W:W,MATCH(Solver!$B3,'All Facts'!$B:$B,0),1)/INDEX('All Facts'!$F:$F,MATCH(Solver!$B3,'All Facts'!$B:$B,0),1)*$C3 -> 0 | U3: =INDEX('All Facts'!X:X,MATCH(Solver!$B3,'All Facts'!$B:$B,0),1)/INDEX('All Facts'!$F:$F,MATCH(Solver!$B3,'All Facts'!$B:$B,0),1)*$C3 -> 0 | V3: =INDEX('All Facts'!Y:Y,MATCH(Solver!$B3,'All Facts'!$B:$B,0),1)/INDEX('All Facts'!$F:$F,MATCH(Solver!$B3,'All Facts'!$B:$B,0),1)*$C3 -> 0 | W3: =INDEX('All Facts'!Z:Z,MATCH(Solver!$B3,'All Facts'!$B:$B,0),1)/INDEX('All Facts'!$F:$F,MATCH(Solver!$B3,'All Facts'!$B:$B,0),1)*$C3 -> 0 | AA3: 2 | AB3: 1.1985892e-10 | AC3: =INDEX('All Facts'!G:G,MATCH(Solver!$Z$1,'All Facts'!$B:$B,0),1)/INDEX('All Facts'!$F:$F,MATCH(Solver!$Z$1,'All Facts'!$B:$B,0),1)*$AB3 -> 4.7087434e-10 | AD3: =INDEX('All Facts'!H:H,MATCH(Solver!$Z$1,'All Facts'!$B:$B,0),1)/INDEX('All Facts'!$F:$F,MATCH(Solver!$Z$1,'All Facts'!$B:$B,0),1)*$AB3 -> 3.8526082e-11 | AE3: =INDEX('All Facts'!I:I,MATCH(Solver!$Z$1,'All Facts'!$B:$B,0),1)/INDEX('All Facts'!$F:$F,MATCH(Solver!$Z$1,'All Facts'!$B:$B,0),1)*$AB3 -> 4.2806758e-12 | AF3: =INDEX('All Facts'!J:J,MATCH(Solver!$Z$1,'All Facts'!$B:$B,0),1)/INDEX('All Facts'!$F:$F,MATCH(Solver!$Z$1,'All Facts'!$B:$B,0),1)*$AB3 -> 2.9964731e-11 | AG3: =INDEX('All Facts'!K:K,MATCH(Solver!$Z$1,'All Facts'!$B:$B,0),1)/INDEX('All Facts'!$F:$F,MATCH(Solver!$Z$1,'All Facts'!$B:$B,0),1)*$AB3 -> 2.1403379e-11 | AH3: =INDEX('All Facts'!L:L,MATCH(Solver!$Z$1,'All Facts'!$B:$B,0),1)/INDEX('All Facts'!$F:$F,MATCH(Solver!$Z$1,'All Facts'!$B:$B,0),1)*$AB3 -> 0 | AI3: =INDEX('All Facts'!M:M,MATCH(Solver!$Z$1,'All Facts'!$B:$B,0),1)/INDEX('All Facts'!$F:$F,MATCH(Solver!$Z$1,'All Facts'!$B:$B,0),1)*$AB3 -> 0 | AJ3: =INDEX('All Facts'!N:N,MATCH(Solver!$Z$1,'All Facts'!$B:$B,0),1)/INDEX('All Facts'!$F:$F,MATCH(Solver!$Z$1,'All Facts'!$B:$B,0),1)*$AB3 -> 1.2842027e-10 | AK3: =INDEX('All Facts'!O:O,MATCH(Solver!$Z$1,'All Facts'!$B:$B,0),1)/INDEX('All Facts'!$F:$F,MATCH(Solver!$Z$1,'All Facts'!$B:$B,0),1)*$AB3 -> 7.2771489e-10 | AL3: =INDEX('All Facts'!P:P,MATCH(Solver!$Z$1,'All Facts'!$B:$B,0),1)/INDEX('All Facts'!$F:$F,MATCH(Solver!$Z$1,'All Facts'!$B:$B,0),1)*$AB3 -> 8.5613516e-13 | AM3: =INDEX('All Facts'!Q:Q,MATCH(Solver!$Z$1,'All Facts'!$B:$B,0),1)/INDEX('All Facts'!$F:$F,MATCH(Solver!$Z$1,'All Facts'!$B:$B,0),1)*$AB3 -> 8.5613516e-10 | AN3: =INDEX('All Facts'!R:R,MATCH(Solver!$Z$1,'All Facts'!$B:$B,0),1)/INDEX('All Facts'!$F:$F,MATCH(Solver!$Z$1,'All Facts'!$B:$B,0),1)*$AB3 -> 8.5613516e-13 | AO3: =INDEX('All Facts'!S:S,MATCH(Solver!$Z$1,'All Facts'!$B:$B,0),1)/INDEX('All Facts'!$F:$F,MATCH(Solver!$Z$1,'All Facts'!$B:$B,0),1)*$AB3 -> 1.2842027e-10 | AP3: =INDEX('All Facts'!T:T,MATCH(Solver!$Z$1,'All Facts'!$B:$B,0),1)/INDEX('All Facts'!$F:$F,MATCH(Solver!$Z$1,'All Facts'!$B:$B,0),1)*$AB3 -> 0 | AQ3: =INDEX('All Facts'!U:U,MATCH(Solver!$Z$1,'All Facts'!$B:$B,0),1)/INDEX('All Facts'!$F:$F,MATCH(Solver!$Z$1,'All Facts'!$B:$B,0),1)*$AB3 -> 0 | AR3: =INDEX('All Facts'!V:V,MATCH(Solver!$Z$1,'All Facts'!$B:$B,0),1)/INDEX('All Facts'!$F:$F,MATCH(Solver!$Z$1,'All Facts'!$B:$B,0),1)*$AB3 -> 0 | AS3: =INDEX('All Facts'!W:W,MATCH(Solver!$Z$1,'All Facts'!$B:$B,0),1)/INDEX('All Facts'!$F:$F,MATCH(Solver!$Z$1,'All Facts'!$B:$B,0),1)*$AB3 -> 0 | AT3: =INDEX('All Facts'!X:X,MATCH(Solver!$Z$1,'All Facts'!$B:$B,0),1)/INDEX('All Facts'!$F:$F,MATCH(Solver!$Z$1,'All Facts'!$B:$B,0),1)*$AB3 -> 0 | AU3: =INDEX('All Facts'!Y:Y,MATCH(Solver!$Z$1,'All Facts'!$B:$B,0),1)/INDEX('All Facts'!$F:$F,MATCH(Solver!$Z$1,'All Facts'!$B:$B,0),1)*$AB3 -> 0 | AV3: =INDEX('All Facts'!Z:Z,MATCH(Solver!$Z$1,'All Facts'!$B:$B,0),1)/INDEX('All Facts'!$F:$F,MATCH(Solver!$Z$1,'All Facts'!$B:$B,0),1)*$AB3 -> 0 | AW3: =ROUNDDOWN(6/28*Solver!AB3,0) -> 0
B4: Lower Sodium Bacon | C4: 15 | D4: =INDEX('All Facts'!G:G,MATCH(Solver!$B4,'All Facts'!$B:$B,0),1)/INDEX('All Facts'!$F:$F,MATCH(Solver!$B4,'All Facts'!$B:$B,0),1)*$C4 -> 80 | E4: =INDEX('All Facts'!H:H,MATCH(Solver!$B4,'All Facts'!$B:$B,0),1)/INDEX('All Facts'!$F:$F,MATCH(Solver!$B4,'All Facts'!$B:$B,0),1)*$C4 -> 6 | F4: =INDEX('All Facts'!I:I,MATCH(Solver!$B4,'All Facts'!$B:$B,0),1)/INDEX('All Facts'!$F:$F,MATCH(Solver!$B4,'All Facts'!$B:$B,0),1)*$C4 -> 0 | G4: =INDEX('All Facts'!J:J,MATCH(Solver!$B4,'All Facts'!$B:$B,0),1)/INDEX('All Facts'!$F:$F,MATCH(Solver!$B4,'All Facts'!$B:$B,0),1)*$C4 -> 4 | H4: =INDEX('All Facts'!K:K,MATCH(Solver!$B4,'All Facts'!$B:$B,0),1)/INDEX('All Facts'!$F:$F,MATCH(Solver!$B4,'All Facts'!$B:$B,0),1)*$C4 -> 2.5 | I4: =INDEX('All Facts'!L:L,MATCH(Solver!$B4,'All Facts'!$B:$B,0),1)/INDEX('All Facts'!$F:$F,MATCH(Solver!$B4,'All Facts'!$B:$B,0),1)*$C4 -> 0 | J4: =INDEX('All Facts'!M:M,MATCH(Solver!$B4,'All Facts'!$B:$B,0),1)/INDEX('All Facts'!$F:$F,MATCH(Solver!$B4,'All Facts'!$B:$B,0),1)*$C4 -> 0 | K4: =INDEX('All Facts'!N:N,MATCH(Solver!$B4,'All Facts'!$B:$B,0),1)/INDEX('All Facts'!$F:$F,MATCH(Solver!$B4,'All Facts'!$B:$B,0),1)*$C4 -> 15 | L4: =INDEX('All Facts'!O:O,MATCH(Solver!$B4,'All Facts'!$B:$B,0),1)/INDEX('All Facts'!$F:$F,MATCH(Solver!$B4,'All Facts'!$B:$B,0),1)*$C4 -> 180 | M4: =INDEX('All Facts'!P:P,MATCH(Solver!$B4,'All Facts'!$B:$B,0),1)/INDEX('All Facts'!$F:$F,MATCH(Solver!$B4,'All Facts'!$B:$B,0),1)*$C4 -> 0 | N4: =INDEX('All Facts'!Q:Q,MATCH(Solver!$B4,'All Facts'!$B:$B,0),1)/INDEX('All Facts'!$F:$F,MATCH(Solver!$B4,'All Facts'!$B:$B,0),1)*$C4 -> 0 | O4: =INDEX('All Facts'!R:R,MATCH(Solver!$B4,'All Facts'!$B:$B,0),1)/INDEX('All Facts'!$F:$F,MATCH(Solver!$B4,'All Facts'!$B:$B,0),1)*$C4 -> 0.36 | P4: =INDEX('All Facts'!S:S,MATCH(Solver!$B4,'All Facts'!$B:$B,0),1)/INDEX('All Facts'!$F:$F,MATCH(Solver!$B4,'All Facts'!$B:$B,0),1)*$C4 -> 0 | Q4: =INDEX('All Facts'!T:T,MATCH(Solver!$B4,'All Facts'!$B:$B,0),1)/INDEX('All Facts'!$F:$F,MATCH(Solver!$B4,'All Facts'!$B:$B,0),1)*$C4 -> 0 | R4: =INDEX('All Facts'!U:U,MATCH(Solver!$B4,'All Facts'!$B:$B,0),1)/INDEX('All Facts'!$F:$F,MATCH(Solver!$B4,'All Facts'!$B:$B,0),1)*$C4 -> 0 | S4: =INDEX('All Facts'!V:V,MATCH(Solver!$B4,'All Facts'!$B:$B,0),1)/INDEX('All Facts'!$F:$F,MATCH(Solver!$B4,'All Facts'!$B:$B,0),1)*$C4 -> 0 | T4: =INDEX('All Facts'!W:W,MATCH(Solver!$B4,'All Facts'!$B:$B,0),1)/INDEX('All Facts'!$F:$F,MATCH(Solver!$B4,'All Facts'!$B:$B,0),1)*$C4 -> 0 | U4: =INDEX('All Facts'!X:X,MATCH(Solver!$B4,'All Facts'!$B:$B,0),1)/INDEX('All Facts'!$F:$F,MATCH(Solver!$B4,'All Facts'!$B:$B,0),1)*$C4 -> 0 | V4: =INDEX('All Facts'!Y:Y,MATCH(Solver!$B4,'All Facts'!$B:$B,0),1)/INDEX('All Facts'!$F:$F,MATCH(Solver!$B4,'All Facts'!$B:$B,0),1)*$C4 -> 0 | W4: =INDEX('All Facts'!Z:Z,MATCH(Solver!$B4,'All Facts'!$B:$B,0),1)/INDEX('All Facts'!$F:$F,MATCH(Solver!$B4,'All Facts'!$B:$B,0),1)*$C4 -> 0 | AA4: 3 | AB4: 3.6260732e-11 | AC4: =INDEX('All Facts'!G:G,MATCH(Solver!$Z$1,'All Facts'!$B:$B,0),1)/INDEX('All Facts'!$F:$F,MATCH(Solver!$Z$1,'All Facts'!$B:$B,0),1)*$AB4 -> 1.4245288e-10 | AD4: =INDEX('All Facts'!H:H,MATCH(Solver!$Z$1,'All Facts'!$B:$B,0),1)/INDEX('All Facts'!$F:$F,MATCH(Solver!$Z$1,'All Facts'!$B:$B,0),1)*$AB4 -> 1.1655235e-11 | AE4: =INDEX('All Facts'!I:I,MATCH(Solver!$Z$1,'All Facts'!$B:$B,0),1)/INDEX('All Facts'!$F:$F,MATCH(Solver!$Z$1,'All Facts'!$B:$B,0),1)*$AB4 -> 1.2950261e-12 | AF4: =INDEX('All Facts'!J:J,MATCH(Solver!$Z$1,'All Facts'!$B:$B,0),1)/INDEX('All Facts'!$F:$F,MATCH(Solver!$Z$1,'All Facts'!$B:$B,0),1)*$AB4 -> 9.065183e-12 | AG4: =INDEX('All Facts'!K:K,MATCH(Solver!$Z$1,'All Facts'!$B:$B,0),1)/INDEX('All Facts'!$F:$F,MATCH(Solver!$Z$1,'All Facts'!$B:$B,0),1)*$AB4 -> 6.4751307e-12 | AH4: =INDEX('All Facts'!L:L,MATCH(Solver!$Z$1,'All Facts'!$B:$B,0),1)/INDEX('All Facts'!$F:$F,MATCH(Solver!$Z$1,'All Facts'!$B:$B,0),1)*$AB4 -> 0 | AI4: =INDEX('All Facts'!M:M,MATCH(Solver!$Z$1,'All Facts'!$B:$B,0),1)/INDEX('All Facts'!$F:$F,MATCH(Solver!$Z$1,'All Facts'!$B:$B,0),1)*$AB4 -> 0 | AJ4: =INDEX('All Facts'!N:N,MATCH(Solver!$Z$1,'All Facts'!$B:$B,0),1)/INDEX('All Facts'!$F:$F,MATCH(Solver!$Z$1,'All Facts'!$B:$B,0),1)*$AB4 -> 3.8850784e-11 | AK4: =INDEX('All Facts'!O:O,MATCH(Solver!$Z$1,'All Facts'!$B:$B,0),1)/INDEX('All Facts'!$F:$F,MATCH(Solver!$Z$1,'All Facts'!$B:$B,0),1)*$AB4 -> 2.2015444e-10 | AL4: =INDEX('All Facts'!P:P,MATCH(Solver!$Z$1,'All Facts'!$B:$B,0),1)/INDEX('All Facts'!$F:$F,MATCH(Solver!$Z$1,'All Facts'!$B:$B,0),1)*$AB4 -> 2.5900523e-13 | AM4: =INDEX('All Facts'!Q:Q,MATCH(Solver!$Z$1,'All Facts'!$B:$B,0),1)/INDEX('All Facts'!$F:$F,MATCH(Solver!$Z$1,'All Facts'!$B:$B,0),1)*$AB4 -> 2.5900523e-10 | AN4: =INDEX('All Facts'!R:R,MATCH(Solver!$Z$1,'All Facts'!$B:$B,0),1)/INDEX('All Facts'!$F:$F,MATCH(Solver!$Z$1,'All Facts'!$B:$B,0),1)*$AB4 -> 2.5900523e-13 | AO4: =INDEX('All Facts'!S:S,MATCH(Solver!$Z$1,'All Facts'!$B:$B,0),1)/INDEX('All Facts'!$F:$F,MATCH(Solver!$Z$1,'All Facts'!$B:$B,0),1)*$AB4 -> 3.8850784e-11 | AP4: =INDEX('All Facts'!T:T,MATCH(Solver!$Z$1,'All Facts'!$B:$B,0),1)/INDEX('All Facts'!$F:$F,MATCH(Solver!$Z$1,'All Facts'!$B:$B,0),1)*$AB4 -> 0 | AQ4: =INDEX('All Facts'!U:U,MATCH(Solver!$Z$1,'All Facts'!$B:$B,0),1)/INDEX('All Facts'!$F:$F,MATCH(Solver!$Z$1,'All Facts'!$B:$B,0),1)*$AB4 -> 0 | AR4: =INDEX('All Facts'!V:V,MATCH(Solver!$Z$1,'All Facts'!$B:$B,0),1)/INDEX('All Facts'!$F:$F,MATCH(Solver!$Z$1,'All Facts'!$B:$B,0),1)*$AB4 -> 0 | AS4: =INDEX('All Facts'!W:W,MATCH(Solver!$Z$1,'All Facts'!$B:$B,0),1)/INDEX('All Facts'!$F:$F,MATCH(Solver!$Z$1,'All Facts'!$B:$B,0),1)*$AB4 -> 0 | AT4: =INDEX('All Facts'!X:X,MATCH(Solver!$Z$1,'All Facts'!$B:$B,0),1)/INDEX('All Facts'!$F:$F,MATCH(Solver!$Z$1,'All Facts'!$B:$B,0),1)*$AB4 -> 0 | AU4: =INDEX('All Facts'!Y:Y,MATCH(Solver!$Z$1,'All Facts'!$B:$B,0),1)/INDEX('All Facts'!$F:$F,MATCH(Solver!$Z$1,'All Facts'!$B:$B,0),1)*$AB4 -> 0 | AV4: =INDEX('All Facts'!Z:Z,MATCH(Solver!$Z$1,'All Facts'!$B:$B,0),1)/INDEX('All Facts'!$F:$F,MATCH(Solver!$Z$1,'All Facts'!$B:$B,0),1)*$AB4 -> 0 | AW4: =ROUNDDOWN(6/28*Solver!AB4,0) -> 0
B5: Total | C5: =SUM(C2:C4) -> 225 | D5: =SUM(D2:D4) -> 528.98649 | E5: =SUM(E2:E4) -> 34.125 | F5: =SUM(F2:F4) -> 39.476351 | G5: =SUM(G2:G4) -> 20.165541 | H5: =SUM(H2:H4) -> 7.1875 | I5: =SUM(I2:I4) -> 0 | J5: =SUM(J2:J4) -> 0 | ... W5: =SUM(W2:W4) -> 0 | AA5: 4 | AB5: 1.5175515e-10 | AC5: =INDEX('All Facts'!G:G,MATCH(Solver!$Z$1,'All Facts'!$B:$B,0),1)/INDEX('All Facts'!$F:$F,MATCH(Solver!$Z$1,'All Facts'!$B:$B,0),1)*$AB5 -> 5.9618093e-10 | AD5: =INDEX('All Facts'!H:H,MATCH(Solver!$Z$1,'All Facts'!$B:$B,0),1)/INDEX('All Facts'!$F:$F,MATCH(Solver!$Z$1,'All Facts'!$B:$B,0),1)*$AB5 -> 4.877844e-11 | AE5: =INDEX('All Facts'!I:I,MATCH(Solver!$Z$1,'All Facts'!$B:$B,0),1)/INDEX('All Facts'!$F:$F,MATCH(Solver!$Z$1,'All Facts'!$B:$B,0),1)*$AB5 -> 5.4198266e-12 | AF5: =INDEX('All Facts'!J:J,MATCH(Solver!$Z$1,'All Facts'!$B:$B,0),1)/INDEX('All Facts'!$F:$F,MATCH(Solver!$Z$1,'All Facts'!$B:$B,0),1)*$AB5 -> 3.7938786e-11 | AG5: =INDEX('All Facts'!K:K,MATCH(Solver!$Z$1,'All Facts'!$B:$B,0),1)/INDEX('All Facts'!$F:$F,MATCH(Solver!$Z$1,'All Facts'!$B:$B,0),1)*$AB5 -> 2.7099133e-11 | AH5: =INDEX('All Facts'!L:L,MATCH(Solver!$Z$1,'All Facts'!$B:$B,0),1)/INDEX('All Facts'!$F:$F,MATCH(Solver!$Z$1,'All Facts'!$B:$B,0),1)*$AB5 -> 0 | AI5: =INDEX('All Facts'!M:M,MATCH(Solver!$Z$1,'All Facts'!$B:$B,0),1)/INDEX('All Facts'!$F:$F,MATCH(Solver!$Z$1,'All Facts'!$B:$B,0),1)*$AB5 -> 0 | AJ5: =INDEX('All Facts'!N:N,MATCH(Solver!$Z$1,'All Facts'!$B:$B,0),1)/INDEX('All Facts'!$F:$F,MATCH(Solver!$Z$1,'All Facts'!$B:$B,0),1)*$AB5 -> 1.625948e-10 | AK5: =INDEX('All Facts'!O:O,MATCH(Solver!$Z$1,'All Facts'!$B:$B,0),1)/INDEX('All Facts'!$F:$F,MATCH(Solver!$Z$1,'All Facts'!$B:$B,0),1)*$AB5 -> 9.2137053e-10 | AL5: =INDEX('All Facts'!P:P,MATCH(Solver!$Z$1,'All Facts'!$B:$B,0),1)/INDEX('All Facts'!$F:$F,MATCH(Solver!$Z$1,'All Facts'!$B:$B,0),1)*$AB5 -> 1.0839653e-12 | AM5: =INDEX('All Facts'!Q:Q,MATCH(Solver!$Z$1,'All Facts'!$B:$B,0),1)/INDEX('All Facts'!$F:$F,MATCH(Solver!$Z$1,'All Facts'!$B:$B,0),1)*$AB5 -> 1.0839653e-09 | AN5: =INDEX('All Facts'!R:R,MATCH(Solver!$Z$1,'All Facts'!$B:$B,0),1)/INDEX('All Facts'!$F:$F,MATCH(Solver!$Z$1,'All Facts'!$B:$B,0),1)*$AB5 -> 1.0839653e-12 | AO5: =INDEX('All Facts'!S:S,MATCH(Solver!$Z$1,'All Facts'!$B:$B,0),1)/INDEX('All Facts'!$F:$F,MATCH(Solver!$Z$1,'All Facts'!$B:$B,0),1)*$AB5 -> 1.625948e-10 | AP5: =INDEX('All Facts'!T:T,MATCH(Solver!$Z$1,'All Facts'!$B:$B,0),1)/INDEX('All Facts'!$F:$F,MATCH(Solver!$Z$1,'All Facts'!$B:$B,0),1)*$AB5 -> 0 | AQ5: =INDEX('All Facts'!U:U,MATCH(Solver!$Z$1,'All Facts'!$B:$B,0),1)/INDEX('All Facts'!$F:$F,MATCH(Solver!$Z$1,'All Facts'!$B:$B,0),1)*$AB5 -> 0 | AR5: =INDEX('All Facts'!V:V,MATCH(Solver!$Z$1,'All Facts'!$B:$B,0),1)/INDEX('All Facts'!$F:$F,MATCH(Solver!$Z$1,'All Facts'!$B:$B,0),1)*$AB5 -> 0 | AS5: =INDEX('All Facts'!W:W,MATCH(Solver!$Z$1,'All Facts'!$B:$B,0),1)/INDEX('All Facts'!$F:$F,MATCH(Solver!$Z$1,'All Facts'!$B:$B,0),1)*$AB5 -> 0 | AT5: =INDEX('All Facts'!X:X,MATCH(Solver!$Z$1,'All Facts'!$B:$B,0),1)/INDEX('All Facts'!$F:$F,MATCH(Solver!$Z$1,'All Facts'!$B:$B,0),1)*$AB5 -> 0 | AU5: =INDEX('All Facts'!Y:Y,MATCH(Solver!$Z$1,'All Facts'!$B:$B,0),1)/INDEX('All Facts'!$F:$F,MATCH(Solver!$Z$1,'All Facts'!$B:$B,0),1)*$AB5 -> 0 | AV5: =INDEX('All Facts'!Z:Z,MATCH(Solver!$Z$1,'All Facts'!$B:$B,0),1)/INDEX('All Facts'!$F:$F,MATCH(Solver!$Z$1,'All Facts'!$B:$B,0),1)*$AB5 -> 0 | AW5: =ROUNDDOWN(6/28*Solver!AB5,0) -> 0
AA6: 5 | AB6: 5.798092 | AC6: =INDEX('All Facts'!G:G,MATCH(Solver!$Z$1,'All Facts'!$B:$B,0),1)/INDEX('All Facts'!$F:$F,MATCH(Solver!$Z$1,'All Facts'!$B:$B,0),1)*$AB6 -> 22.778218 | AD6: =INDEX('All Facts'!H:H,MATCH(Solver!$Z$1,'All Facts'!$B:$B,0),1)/INDEX('All Facts'!$F:$F,MATCH(Solver!$Z$1,'All Facts'!$B:$B,0),1)*$AB6 -> 1.8636724 | AE6: =INDEX('All Facts'!I:I,MATCH(Solver!$Z$1,'All Facts'!$B:$B,0),1)/INDEX('All Facts'!$F:$F,MATCH(Solver!$Z$1,'All Facts'!$B:$B,0),1)*$AB6 -> 0.20707471 | AF6: =INDEX('All Facts'!J:J,MATCH(Solver!$Z$1,'All Facts'!$B:$B,0),1)/INDEX('All Facts'!$F:$F,MATCH(Solver!$Z$1,'All Facts'!$B:$B,0),1)*$AB6 -> 1.449523 | AG6: =INDEX('All Facts'!K:K,MATCH(Solver!$Z$1,'All Facts'!$B:$B,0),1)/INDEX('All Facts'!$F:$F,MATCH(Solver!$Z$1,'All Facts'!$B:$B,0),1)*$AB6 -> 1.0353736 | AH6: =INDEX('All Facts'!L:L,MATCH(Solver!$Z$1,'All Facts'!$B:$B,0),1)/INDEX('All Facts'!$F:$F,MATCH(Solver!$Z$1,'All Facts'!$B:$B,0),1)*$AB6 -> 0 | AI6: =INDEX('All Facts'!M:M,MATCH(Solver!$Z$1,'All Facts'!$B:$B,0),1)/INDEX('All Facts'!$F:$F,MATCH(Solver!$Z$1,'All Facts'!$B:$B,0),1)*$AB6 -> 0 | AJ6: =INDEX('All Facts'!N:N,MATCH(Solver!$Z$1,'All Facts'!$B:$B,0),1)/INDEX('All Facts'!$F:$F,MATCH(Solver!$Z$1,'All Facts'!$B:$B,0),1)*$AB6 -> 6.2122414 | AK6: =INDEX('All Facts'!O:O,MATCH(Solver!$Z$1,'All Facts'!$B:$B,0),1)/INDEX('All Facts'!$F:$F,MATCH(Solver!$Z$1,'All Facts'!$B:$B,0),1)*$AB6 -> 35.202701 | AL6: =INDEX('All Facts'!P:P,MATCH(Solver!$Z$1,'All Facts'!$B:$B,0),1)/INDEX('All Facts'!$F:$F,MATCH(Solver!$Z$1,'All Facts'!$B:$B,0),1)*$AB6 -> 0.041414943 | AM6: =INDEX('All Facts'!Q:Q,MATCH(Solver!$Z$1,'All Facts'!$B:$B,0),1)/INDEX('All Facts'!$F:$F,MATCH(Solver!$Z$1,'All Facts'!$B:$B,0),1)*$AB6 -> 41.414943 | AN6: =INDEX('All Facts'!R:R,MATCH(Solver!$Z$1,'All Facts'!$B:$B,0),1)/INDEX('All Facts'!$F:$F,MATCH(Solver!$Z$1,'All Facts'!$B:$B,0),1)*$AB6 -> 0.041414943 | AO6: =INDEX('All Facts'!S:S,MATCH(Solver!$Z$1,'All Facts'!$B:$B,0),1)/INDEX('All Facts'!$F:$F,MATCH(Solver!$Z$1,'All Facts'!$B:$B,0),1)*$AB6 -> 6.2122414 | AP6: =INDEX('All Facts'!T:T,MATCH(Solver!$Z$1,'All Facts'!$B:$B,0),1)/INDEX('All Facts'!$F:$F,MATCH(Solver!$Z$1,'All Facts'!$B:$B,0),1)*$AB6 -> 0 | AQ6: =INDEX('All Facts'!U:U,MATCH(Solver!$Z$1,'All Facts'!$B:$B,0),1)/INDEX('All Facts'!$F:$F,MATCH(Solver!$Z$1,'All Facts'!$B:$B,0),1)*$AB6 -> 0 | AR6: =INDEX('All Facts'!V:V,MATCH(Solver!$Z$1,'All Facts'!$B:$B,0),1)/INDEX('All Facts'!$F:$F,MATCH(Solver!$Z$1,'All Facts'!$B:$B,0),1)*$AB6 -> 0 | AS6: =INDEX('All Facts'!W:W,MATCH(Solver!$Z$1,'All Facts'!$B:$B,0),1)/INDEX('All Facts'!$F:$F,MATCH(Solver!$Z$1,'All Facts'!$B:$B,0),1)*$AB6 -> 0 | AT6: =INDEX('All Facts'!X:X,MATCH(Solver!$Z$1,'All Facts'!$B:$B,0),1)/INDEX('All Facts'!$F:$F,MATCH(Solver!$Z$1,'All Facts'!$B:$B,0),1)*$AB6 -> 0 | AU6: =INDEX('All Facts'!Y:Y,MATCH(Solver!$Z$1,'All Facts'!$B:$B,0),1)/INDEX('All Facts'!$F:$F,MATCH(Solver!$Z$1,'All Facts'!$B:$B,0),1)*$AB6 -> 0 | AV6: =INDEX('All Facts'!Z:Z,MATCH(Solver!$Z$1,'All Facts'!$B:$B,0),1)/INDEX('All Facts'!$F:$F,MATCH(Solver!$Z$1,'All Facts'!$B:$B,0),1)*$AB6 -> 0 | AW6: =ROUNDDOWN(6/28*Solver!AB6,0) -> 1
AA7: 6 | AB7: 1.1985892e-10 | AC7: =INDEX('All Facts'!G:G,MATCH(Solver!$Z$1,'All Facts'!$B:$B,0),1)/INDEX('All Facts'!$F:$F,MATCH(Solver!$Z$1,'All Facts'!$B:$B,0),1)*$AB7 -> 4.7087434e-10 | AD7: =INDEX('All Facts'!H:H,MATCH(Solver!$Z$1,'All Facts'!$B:$B,0),1)/INDEX('All Facts'!$F:$F,MATCH(Solver!$Z$1,'All Facts'!$B:$B,0),1)*$AB7 -> 3.8526082e-11 | AE7: =INDEX('All Facts'!I:I,MATCH(Solver!$Z$1,'All Facts'!$B:$B,0),1)/INDEX('All Facts'!$F:$F,MATCH(Solver!$Z$1,'All Facts'!$B:$B,0),1)*$AB7 -> 4.2806758e-12 | AF7: =INDEX('All Facts'!J:J,MATCH(Solver!$Z$1,'All Facts'!$B:$B,0),1)/INDEX('All Facts'!$F:$F,MATCH(Solver!$Z$1,'All Facts'!$B:$B,0),1)*$AB7 -> 2.9964731e-11 | AG7: =INDEX('All Facts'!K:K,MATCH(Solver!$Z$1,'All Facts'!$B:$B,0),1)/INDEX('All Facts'!$F:$F,MATCH(Solver!$Z$1,'All Facts'!$B:$B,0),1)*$AB7 -> 2.1403379e-11 | AH7: =INDEX('All Facts'!L:L,MATCH(Solver!$Z$1,'All Facts'!$B:$B,0),1)/INDEX('All Facts'!$F:$F,MATCH(Solver!$Z$1,'All Facts'!$B:$B,0),1)*$AB7 -> 0 | AI7: =INDEX('All Facts'!M:M,MATCH(Solver!$Z$1,'All Facts'!$B:$B,0),1)/INDEX('All Facts'!$F:$F,MATCH(Solver!$Z$1,'All Facts'!$B:$B,0),1)*$AB7 -> 0 | AJ7: =INDEX('All Facts'!N:N,MATCH(Solver!$Z$1,'All Facts'!$B:$B,0),1)/INDEX('All Facts'!$F:$F,MATCH(Solver!$Z$1,'All Facts'!$B:$B,0),1)*$AB7 -> 1.2842027e-10 | AK7: =INDEX('All Facts'!O:O,MATCH(Solver!$Z$1,'All Facts'!$B:$B,0),1)/INDEX('All Facts'!$F:$F,MATCH(Solver!$Z$1,'All Facts'!$B:$B,0),1)*$AB7 -> 7.2771489e-10 | AL7: =INDEX('All Facts'!P:P,MATCH(Solver!$Z$1,'All Facts'!$B:$B,0),1)/INDEX('All Facts'!$F:$F,MATCH(Solver!$Z$1,'All Facts'!$B:$B,0),1)*$AB7 -> 8.5613516e-13 | AM7: =INDEX('All Facts'!Q:Q,MATCH(Solver!$Z$1,'All Facts'!$B:$B,0),1)/INDEX('All Facts'!$F:$F,MATCH(Solver!$Z$1,'All Facts'!$B:$B,0),1)*$AB7 -> 8.5613516e-10 | AN7: =INDEX('All Facts'!R:R,MATCH(Solver!$Z$1,'All Facts'!$B:$B,0),1)/INDEX('All Facts'!$F:$F,MATCH(Solver!$Z$1,'All Facts'!$B:$B,0),1)*$AB7 -> 8.5613516e-13 | AO7: =INDEX('All Facts'!S:S,MATCH(Solver!$Z$1,'All Facts'!$B:$B,0),1)/INDEX('All Facts'!$F:$F,MATCH(Solver!$Z$1,'All Facts'!$B:$B,0),1)*$AB7 -> 1.2842027e-10 | AP7: =INDEX('All Facts'!T:T,MATCH(Solver!$Z$1,'All Facts'!$B:$B,0),1)/INDEX('All Facts'!$F:$F,MATCH(Solver!$Z$1,'All Facts'!$B:$B,0),1)*$AB7 -> 0 | AQ7: =INDEX('All Facts'!U:U,MATCH(Solver!$Z$1,'All Facts'!$B:$B,0),1)/INDEX('All Facts'!$F:$F,MATCH(Solver!$Z$1,'All Facts'!$B:$B,0),1)*$AB7 -> 0 | AR7: =INDEX('All Facts'!V:V,MATCH(Solver!$Z$1,'All Facts'!$B:$B,0),1)/INDEX('All Facts'!$F:$F,MATCH(Solver!$Z$1,'All Facts'!$B:$B,0),1)*$AB7 -> 0 | AS7: =INDEX('All Facts'!W:W,MATCH(Solver!$Z$1,'All Facts'!$B:$B,0),1)/INDEX('All Facts'!$F:$F,MATCH(Solver!$Z$1,'All Facts'!$B:$B,0),1)*$AB7 -> 0 | AT7: =INDEX('All Facts'!X:X,MATCH(Solver!$Z$1,'All Facts'!$B:$B,0),1)/INDEX('All Facts'!$F:$F,MATCH(Solver!$Z$1,'All Facts'!$B:$B,0),1)*$AB7 -> 0 | AU7: =INDEX('All Facts'!Y:Y,MATCH(Solver!$Z$1,'All Facts'!$B:$B,0),1)/INDEX('All Facts'!$F:$F,MATCH(Solver!$Z$1,'All Facts'!$B:$B,0),1)*$AB7 -> 0 | AV7: =INDEX('All Facts'!Z:Z,MATCH(Solver!$Z$1,'All Facts'!$B:$B,0),1)/INDEX('All Facts'!$F:$F,MATCH(Solver!$Z$1,'All Facts'!$B:$B,0),1)*$AB7 -> 0 | AW7: =ROUNDDOWN(6/28*Solver!AB7,0) -> 0
A8: Day | B8: Name | C8: Grams | D8: Calories | E8: Total Fat Grams | F8: Total Carb Grams | G8: Protein Grams | H8: Saturated Fat Grams | I8: Polysaturated Fat Grams | J8: Monosaturated Fat Grams | K8: Cholesterol mg | L8: Sodium mg | M8: Vitamin D mcg | N8: Calcium mg | O8: Iron mg | P8: Potassium mg | Q8: Dietary Fiber grams | R8: Total Sugars Grams | S8: Vitamin C mg | T8: Vitamin B6 mg | U8: Folic Acid mcg | V8: Niacin mg | W8: Thiamin mg | X8: Seed | Y8: Pounds | AA8: 7 | AB8: 1.5175517e-10 | AC8: =INDEX('All Facts'!G:G,MATCH(Solver!$Z$1,'All Facts'!$B:$B,0),1)/INDEX('All Facts'!$F:$F,MATCH(Solver!$Z$1,'All Facts'!$B:$B,0),1)*$AB8 -> 5.9618101e-10 | AD8: =INDEX('All Facts'!H:H,MATCH(Solver!$Z$1,'All Facts'!$B:$B,0),1)/INDEX('All Facts'!$F:$F,MATCH(Solver!$Z$1,'All Facts'!$B:$B,0),1)*$AB8 -> 4.8778446e-11 | AE8: =INDEX('All Facts'!I:I,MATCH(Solver!$Z$1,'All Facts'!$B:$B,0),1)/INDEX('All Facts'!$F:$F,MATCH(Solver!$Z$1,'All Facts'!$B:$B,0),1)*$AB8 -> 5.4198274e-12 | AF8: =INDEX('All Facts'!J:J,MATCH(Solver!$Z$1,'All Facts'!$B:$B,0),1)/INDEX('All Facts'!$F:$F,MATCH(Solver!$Z$1,'All Facts'!$B:$B,0),1)*$AB8 -> 3.7938792e-11 | AG8: =INDEX('All Facts'!K:K,MATCH(Solver!$Z$1,'All Facts'!$B:$B,0),1)/INDEX('All Facts'!$F:$F,MATCH(Solver!$Z$1,'All Facts'!$B:$B,0),1)*$AB8 -> 2.7099137e-11 | AH8: =INDEX('All Facts'!L:L,MATCH(Solver!$Z$1,'All Facts'!$B:$B,0),1)/INDEX('All Facts'!$F:$F,MATCH(Solver!$Z$1,'All Facts'!$B:$B,0),1)*$AB8 -> 0 | AI8: =INDEX('All Facts'!M:M,MATCH(Solver!$Z$1,'All Facts'!$B:$B,0),1)/INDEX('All Facts'!$F:$F,MATCH(Solver!$Z$1,'All Facts'!$B:$B,0),1)*$AB8 -> 0 | AJ8: =INDEX('All Facts'!N:N,MATCH(Solver!$Z$1,'All Facts'!$B:$B,0),1)/INDEX('All Facts'!$F:$F,MATCH(Solver!$Z$1,'All Facts'!$B:$B,0),1)*$AB8 -> 1.6259482e-10 | AK8: =INDEX('All Facts'!O:O,MATCH(Solver!$Z$1,'All Facts'!$B:$B,0),1)/INDEX('All Facts'!$F:$F,MATCH(Solver!$Z$1,'All Facts'!$B:$B,0),1)*$AB8 -> 9.2137065e-10 | AL8: =INDEX('All Facts'!P:P,MATCH(Solver!$Z$1,'All Facts'!$B:$B,0),1)/INDEX('All Facts'!$F:$F,MATCH(Solver!$Z$1,'All Facts'!$B:$B,0),1)*$AB8 -> 1.0839655e-12 | AM8: =INDEX('All Facts'!Q:Q,MATCH(Solver!$Z$1,'All Facts'!$B:$B,0),1)/INDEX('All Facts'!$F:$F,MATCH(Solver!$Z$1,'All Facts'!$B:$B,0),1)*$AB8 -> 1.0839655e-09 | AN8: =INDEX('All Facts'!R:R,MATCH(Solver!$Z$1,'All Facts'!$B:$B,0),1)/INDEX('All Facts'!$F:$F,MATCH(Solver!$Z$1,'All Facts'!$B:$B,0),1)*$AB8 -> 1.0839655e-12 | AO8: =INDEX('All Facts'!S:S,MATCH(Solver!$Z$1,'All Facts'!$B:$B,0),1)/INDEX('All Facts'!$F:$F,MATCH(Solver!$Z$1,'All Facts'!$B:$B,0),1)*$AB8 -> 1.6259482e-10 | AP8: =INDEX('All Facts'!T:T,MATCH(Solver!$Z$1,'All Facts'!$B:$B,0),1)/INDEX('All Facts'!$F:$F,MATCH(Solver!$Z$1,'All Facts'!$B:$B,0),1)*$AB8 -> 0 | AQ8: =INDEX('All Facts'!U:U,MATCH(Solver!$Z$1,'All Facts'!$B:$B,0),1)/INDEX('All Facts'!$F:$F,MATCH(Solver!$Z$1,'All Facts'!$B:$B,0),1)*$AB8 -> 0 | AR8: =INDEX('All Facts'!V:V,MATCH(Solver!$Z$1,'All Facts'!$B:$B,0),1)/INDEX('All Facts'!$F:$F,MATCH(Solver!$Z$1,'All Facts'!$B:$B,0),1)*$AB8 -> 0 | AS8: =INDEX('All Facts'!W:W,MATCH(Solver!$Z$1,'All Facts'!$B:$B,0),1)/INDEX('All Facts'!$F:$F,MATCH(Solver!$Z$1,'All Facts'!$B:$B,0),1)*$AB8 -> 0 | AT8: =INDEX('All Facts'!X:X,MATCH(Solver!$Z$1,'All Facts'!$B:$B,0),1)/INDEX('All Facts'!$F:$F,MATCH(Solver!$Z$1,'All Facts'!$B:$B,0),1)*$AB8 -> 0 | AU8: =INDEX('All Facts'!Y:Y,MATCH(Solver!$Z$1,'All Facts'!$B:$B,0),1)/INDEX('All Facts'!$F:$F,MATCH(Solver!$Z$1,'All Facts'!$B:$B,0),1)*$AB8 -> 0 | AV8: =INDEX('All Facts'!Z:Z,MATCH(Solver!$Z$1,'All Facts'!$B:$B,0),1)/INDEX('All Facts'!$F:$F,MATCH(Solver!$Z$1,'All Facts'!$B:$B,0),1)*$AB8 -> 0 | AW8: =ROUNDDOWN(6/28*Solver!AB8,0) -> 0
A9: 1 | B9: Fried Shrimp | C9: 1125 | D9: =IFERROR(Recipie!D11+D$5+AC$2,0) -> 1600 | E9: =IFERROR(Recipie!E11+E$5+AD$2,0) -> 50.988672 | F9: =IFERROR(Recipie!F11+F$5+AE$2,0) -> 90.41872 | G9: =IFERROR(Recipie!G11+G$5+AF$2,0) -> 189.61506 | H9: =IFERROR(Recipie!H11+H$5+AG$2,0) -> 12.722874 | I9: =IFERROR(Recipie!I11+I$5+AH$2,0) -> 0 | J9: =IFERROR(Recipie!J11+J$5+AI$2,0) -> 0 | K9: =IFERROR(Recipie!K11+K$5+AJ$2,0) -> 2164.4475 | ... W9: =IFERROR(Recipie!W11+W$5+AV$2,0) -> 0.48529412 | X9: 1155.5708 | Y9: =C9*0.00220462262184877 -> 2.4802004
A10: 2 | B10: Eye Round Steak | C10: 794.39413 | D10: =IFERROR((INDEX('All Facts'!G:G,MATCH(Solver!$B10,'All Facts'!$B:$B,0),1)/INDEX('All Facts'!$F:$F,MATCH(Solver!$B10,'All Facts'!$B:$B,0),1)*$C10)+D$5+AC3,0) -> 1600 | E10: =IFERROR((INDEX('All Facts'!H:H,MATCH(Solver!$B10,'All Facts'!$B:$B,0),1)/INDEX('All Facts'!$F:$F,MATCH(Solver!$B10,'All Facts'!$B:$B,0),1)*$C10)+E$5+AD3,0) -> 83.774633 | F10: =IFERROR((INDEX('All Facts'!I:I,MATCH(Solver!$B10,'All Facts'!$B:$B,0),1)/INDEX('All Facts'!$F:$F,MATCH(Solver!$B10,'All Facts'!$B:$B,0),1)*$C10)+F$5+AE3,0) -> 39.476351 | G10: =IFERROR((INDEX('All Facts'!J:J,MATCH(Solver!$B10,'All Facts'!$B:$B,0),1)/INDEX('All Facts'!$F:$F,MATCH(Solver!$B10,'All Facts'!$B:$B,0),1)*$C10)+G$5+AF3,0) -> 176.20724 | H10: =IFERROR((INDEX('All Facts'!K:K,MATCH(Solver!$B10,'All Facts'!$B:$B,0),1)/INDEX('All Facts'!$F:$F,MATCH(Solver!$B10,'All Facts'!$B:$B,0),1)*$C10)+H$5+AG3,0) -> 7.1875 | I10: =IFERROR((INDEX('All Facts'!L:L,MATCH(Solver!$B10,'All Facts'!$B:$B,0),1)/INDEX('All Facts'!$F:$F,MATCH(Solver!$B10,'All Facts'!$B:$B,0),1)*$C10)+I$5+AH3,0) -> 0 | J10: =IFERROR((INDEX('All Facts'!M:M,MATCH(Solver!$B10,'All Facts'!$B:$B,0),1)/INDEX('All Facts'!$F:$F,MATCH(Solver!$B10,'All Facts'!$B:$B,0),1)*$C10)+J$5+AI3,0) -> 0 | K10: =IFERROR((INDEX('All Facts'!N:N,MATCH(Solver!$B10,'All Facts'!$B:$B,0),1)/INDEX('All Facts'!$F:$F,MATCH(Solver!$B10,'All Facts'!$B:$B,0),1)*$C10)+K$5+AJ3,0) -> 15 | L10: =IFERROR((INDEX('All Facts'!O:O,MATCH(Solver!$B10,'All Facts'!$B:$B,0),1)/INDEX('All Facts'!$F:$F,MATCH(Solver!$B10,'All Facts'!$B:$B,0),1)*$C10)+L$5+AK3,0) -> 461.25 | M10: =IFERROR((INDEX('All Facts'!P:P,MATCH(Solver!$B10,'All Facts'!$B:$B,0),1)/INDEX('All Facts'!$F:$F,MATCH(Solver!$B10,'All Facts'!$B:$B,0),1)*$C10)+M$5+AL3,0) -> 8.5613516e-13 | N10: =IFERROR((INDEX('All Facts'!Q:Q,MATCH(Solver!$B10,'All Facts'!$B:$B,0),1)/INDEX('All Facts'!$F:$F,MATCH(Solver!$B10,'All Facts'!$B:$B,0),1)*$C10)+N$5+AM3,0) -> 76.52027 | O10: =IFERROR((INDEX('All Facts'!R:R,MATCH(Solver!$B10,'All Facts'!$B:$B,0),1)/INDEX('All Facts'!$F:$F,MATCH(Solver!$B10,'All Facts'!$B:$B,0),1)*$C10)+O$5+AN3,0) -> 13.563504 | P10: =IFERROR((INDEX('All Facts'!S:S,MATCH(Solver!$B10,'All Facts'!$B:$B,0),1)/INDEX('All Facts'!$F:$F,MATCH(Solver!$B10,'All Facts'!$B:$B,0),1)*$C10)+P$5+AO3,0) -> 1022.1284 | Q10: =IFERROR((INDEX('All Facts'!T:T,MATCH(Solver!$B10,'All Facts'!$B:$B,0),1)/INDEX('All Facts'!$F:$F,MATCH(Solver!$B10,'All Facts'!$B:$B,0),1)*$C10)+Q$5+AP3,0) -> 5.777027 | R10: =IFERROR((INDEX('All Facts'!U:U,MATCH(Solver!$B10,'All Facts'!$B:$B,0),1)/INDEX('All Facts'!$F:$F,MATCH(Solver!$B10,'All Facts'!$B:$B,0),1)*$C10)+R$5+AQ3,0) -> 8.5135135 | S10: =IFERROR((INDEX('All Facts'!V:V,MATCH(Solver!$B10,'All Facts'!$B:$B,0),1)/INDEX('All Facts'!$F:$F,MATCH(Solver!$B10,'All Facts'!$B:$B,0),1)*$C10)+S$5+AR3,0) -> 26.351351 | T10: =IFERROR((INDEX('All Facts'!W:W,MATCH(Solver!$B10,'All Facts'!$B:$B,0),1)/INDEX('All Facts'!$F:$F,MATCH(Solver!$B10,'All Facts'!$B:$B,0),1)*$C10)+T$5+AS3,0) -> 0.2027027 | U10: =IFERROR((INDEX('All Facts'!X:X,MATCH(Solver!$B10,'All Facts'!$B:$B,0),1)/INDEX('All Facts'!$F:$F,MATCH(Solver!$B10,'All Facts'!$B:$B,0),1)*$C10)+U$5+AT3,0) -> 0 | V10: =IFERROR((INDEX('All Facts'!Y:Y,MATCH(Solver!$B10,'All Facts'!$B:$B,0),1)/INDEX('All Facts'!$F:$F,MATCH(Solver!$B10,'All Facts'!$B:$B,0),1)*$C10)+V$5+AU3,0) -> 0 | W10: =IFERROR((INDEX('All Facts'!Z:Z,MATCH(Solver!$B10,'All Facts'!$B:$B,0),1)/INDEX('All Facts'!$F:$F,MATCH(Solver!$B10,'All Facts'!$B:$B,0),1)*$C10)+W$5+AV3,0) -> 0 | X10: 794.39462 | Y10: =C10*0.00220462262184877 -> 1.7513393
A11: 3 | B11: Atlantic Skin-On Farm Raised Salmon | C11: 465.47895 | D11: =IFERROR((INDEX('All Facts'!G:G,MATCH(Solver!$B11,'All Facts'!$B:$B,0),1)/INDEX('All Facts'!$F:$F,MATCH(Solver!$B11,'All Facts'!$B:$B,0),1)*$C11)+D$5+AC4,0) -> 1600 | E11: =IFERROR((INDEX('All Facts'!H:H,MATCH(Solver!$B11,'All Facts'!$B:$B,0),1)/INDEX('All Facts'!$F:$F,MATCH(Solver!$B11,'All Facts'!$B:$B,0),1)*$C11)+E$5+AD4,0) -> 112.39137 | F11: =IFERROR((INDEX('All Facts'!I:I,MATCH(Solver!$B11,'All Facts'!$B:$B,0),1)/INDEX('All Facts'!$F:$F,MATCH(Solver!$B11,'All Facts'!$B:$B,0),1)*$C11)+F$5+AE4,0) -> 39.476351 | G11: =IFERROR((INDEX('All Facts'!J:J,MATCH(Solver!$B11,'All Facts'!$B:$B,0),1)/INDEX('All Facts'!$F:$F,MATCH(Solver!$B11,'All Facts'!$B:$B,0),1)*$C11)+G$5+AF4,0) -> 114.90904 | H11: =IFERROR((INDEX('All Facts'!K:K,MATCH(Solver!$B11,'All Facts'!$B:$B,0),1)/INDEX('All Facts'!$F:$F,MATCH(Solver!$B11,'All Facts'!$B:$B,0),1)*$C11)+H$5+AG4,0) -> 17.485707 | I11: =IFERROR((INDEX('All Facts'!L:L,MATCH(Solver!$B11,'All Facts'!$B:$B,0),1)/INDEX('All Facts'!$F:$F,MATCH(Solver!$B11,'All Facts'!$B:$B,0),1)*$C11)+I$5+AH4,0) -> 0 | J11: =IFERROR((INDEX('All Facts'!M:M,MATCH(Solver!$B11,'All Facts'!$B:$B,0),1)/INDEX('All Facts'!$F:$F,MATCH(Solver!$B11,'All Facts'!$B:$B,0),1)*$C11)+J$5+AI4,0) -> 0 | K11: =IFERROR((INDEX('All Facts'!N:N,MATCH(Solver!$B11,'All Facts'!$B:$B,0),1)/INDEX('All Facts'!$F:$F,MATCH(Solver!$B11,'All Facts'!$B:$B,0),1)*$C11)+K$5+AJ4,0) -> 282.75338 | L11: =IFERROR((INDEX('All Facts'!O:O,MATCH(Solver!$B11,'All Facts'!$B:$B,0),1)/INDEX('All Facts'!$F:$F,MATCH(Solver!$B11,'All Facts'!$B:$B,0),1)*$C11)+L$5+AK4,0) -> 605.4249 | M11: =IFERROR((INDEX('All Facts'!P:P,MATCH(Solver!$B11,'All Facts'!$B:$B,0),1)/INDEX('All Facts'!$F:$F,MATCH(Solver!$B11,'All Facts'!$B:$B,0),1)*$C11)+M$5+AL4,0) -> 32.954262 | N11: =IFERROR((INDEX('All Facts'!Q:Q,MATCH(Solver!$B11,'All Facts'!$B:$B,0),1)/INDEX('All Facts'!$F:$F,MATCH(Solver!$B11,'All Facts'!$B:$B,0),1)*$C11)+N$5+AM4,0) -> 290.72297 | O11: =IFERROR((INDEX('All Facts'!R:R,MATCH(Solver!$B11,'All Facts'!$B:$B,0),1)/INDEX('All Facts'!$F:$F,MATCH(Solver!$B11,'All Facts'!$B:$B,0),1)*$C11)+O$5+AN4,0) -> 3.3498649 | P11: =IFERROR((INDEX('All Facts'!S:S,MATCH(Solver!$B11,'All Facts'!$B:$B,0),1)/INDEX('All Facts'!$F:$F,MATCH(Solver!$B11,'All Facts'!$B:$B,0),1)*$C11)+P$5+AO4,0) -> 2570.9787 | Q11: =IFERROR((INDEX('All Facts'!T:T,MATCH(Solver!$B11,'All Facts'!$B:$B,0),1)/INDEX('All Facts'!$F:$F,MATCH(Solver!$B11,'All Facts'!$B:$B,0),1)*$C11)+Q$5+AP4,0) -> 5.777027 | R11: =IFERROR((INDEX('All Facts'!U:U,MATCH(Solver!$B11,'All Facts'!$B:$B,0),1)/INDEX('All Facts'!$F:$F,MATCH(Solver!$B11,'All Facts'!$B:$B,0),1)*$C11)+R$5+AQ4,0) -> 8.5135135 | S11: =IFERROR((INDEX('All Facts'!V:V,MATCH(Solver!$B11,'All Facts'!$B:$B,0),1)/INDEX('All Facts'!$F:$F,MATCH(Solver!$B11,'All Facts'!$B:$B,0),1)*$C11)+S$5+AR4,0) -> 26.351351 | T11: =IFERROR((INDEX('All Facts'!W:W,MATCH(Solver!$B11,'All Facts'!$B:$B,0),1)/INDEX('All Facts'!$F:$F,MATCH(Solver!$B11,'All Facts'!$B:$B,0),1)*$C11)+T$5+AS4,0) -> 0.2027027 | U11: =IFERROR((INDEX('All Facts'!X:X,MATCH(Solver!$B11,'All Facts'!$B:$B,0),1)/INDEX('All Facts'!$F:$F,MATCH(Solver!$B11,'All Facts'!$B:$B,0),1)*$C11)+U$5+AT4,0) -> 0 | V11: =IFERROR((INDEX('All Facts'!Y:Y,MATCH(Solver!$B11,'All Facts'!$B:$B,0),1)/INDEX('All Facts'!$F:$F,MATCH(Solver!$B11,'All Facts'!$B:$B,0),1)*$C11)+V$5+AU4,0) -> 0 | W11: =IFERROR((INDEX('All Facts'!Z:Z,MATCH(Solver!$B11,'All Facts'!$B:$B,0),1)/INDEX('All Facts'!$F:$F,MATCH(Solver!$B11,'All Facts'!$B:$B,0),1)*$C11)+W$5+AV4,0) -> 0 | X11: 465.47895 | Y11: =C11*0.00220462262184877 -> 1.0262054
A12: 4 | B12: Chicken Nuggets | C12: 677.10074 | D12: =IFERROR(Recipie!D5+D$5+AC$5,0) -> 1600 | E12: =IFERROR(Recipie!E5+E$5+AD$5,0) -> 50.170542 | F12: =IFERROR(Recipie!F5+F$5+AE$5,0) -> 95.09534 | G12: =IFERROR(Recipie!G5+G$5+AF$5,0) -> 188.14053 | H12: =IFERROR(Recipie!H5+H$5+AG$5,0) -> 10.1875 | I12: =IFERROR(Recipie!I5+I$5+AH$5,0) -> 0 | J12: =IFERROR(Recipie!J5+J$5+AI$5,0) -> 0 | K12: =IFERROR(Recipie!K5+K$5+AJ$5,0) -> 868.64338 | ... W12: =IFERROR(Recipie!W5+W$5+AV$5,0) -> 0.53200772 | X12: 677.10074 | Y12: =C12*0.00220462262184877 -> 1.4927516
A13: 5 | B13: Fried Shrimp 2 | C13: 1125 | D13: =IFERROR(Recipie!D17+D$5+AC$6,0) -> 1600 | E13: =IFERROR(Recipie!E17+E$5+AD$6,0) -> 50.988672 | F13: =IFERROR(Recipie!F17+F$5+AE$6,0) -> 90.41872 | G13: =IFERROR(Recipie!G17+G$5+AF$6,0) -> 189.61506 | H13: =IFERROR(Recipie!H17+H$5+AG$6,0) -> 12.722874 | I13: =IFERROR(Recipie!I17+I$5+AH$6,0) -> 0 | J13: =IFERROR(Recipie!J17+J$5+AI$6,0) -> 0 | K13: =IFERROR(Recipie!K17+K$5+AJ$6,0) -> 2164.4475 | ... W13: =IFERROR(Recipie!W17+W$5+AV$6,0) -> 0.48529412 | X13: 1155.5708 | Y13: =C13*0.00220462262184877 -> 2.4802004
A14: 6 | B14: Eye Round Steak | C14: 794.39413 | D14: =IFERROR((INDEX('All Facts'!G:G,MATCH(Solver!$B14,'All Facts'!$B:$B,0),1)/INDEX('All Facts'!$F:$F,MATCH(Solver!$B14,'All Facts'!$B:$B,0),1)*$C14)+D$5+AC7,0) -> 1600 | E14: =IFERROR((INDEX('All Facts'!H:H,MATCH(Solver!$B14,'All Facts'!$B:$B,0),1)/INDEX('All Facts'!$F:$F,MATCH(Solver!$B14,'All Facts'!$B:$B,0),1)*$C14)+E$5+AD7,0) -> 83.774633 | F14: =IFERROR((INDEX('All Facts'!I:I,MATCH(Solver!$B14,'All Facts'!$B:$B,0),1)/INDEX('All Facts'!$F:$F,MATCH(Solver!$B14,'All Facts'!$B:$B,0),1)*$C14)+F$5+AE7,0) -> 39.476351 | G14: =IFERROR((INDEX('All Facts'!J:J,MATCH(Solver!$B14,'All Facts'!$B:$B,0),1)/INDEX('All Facts'!$F:$F,MATCH(Solver!$B14,'All Facts'!$B:$B,0),1)*$C14)+G$5+AF7,0) -> 176.20724 | H14: =IFERROR((INDEX('All Facts'!K:K,MATCH(Solver!$B14,'All Facts'!$B:$B,0),1)/INDEX('All Facts'!$F:$F,MATCH(Solver!$B14,'All Facts'!$B:$B,0),1)*$C14)+H$5+AG7,0) -> 7.1875 | I14: =IFERROR((INDEX('All Facts'!L:L,MATCH(Solver!$B14,'All Facts'!$B:$B,0),1)/INDEX('All Facts'!$F:$F,MATCH(Solver!$B14,'All Facts'!$B:$B,0),1)*$C14)+I$5+AH7,0) -> 0 | J14: =IFERROR((INDEX('All Facts'!M:M,MATCH(Solver!$B14,'All Facts'!$B:$B,0),1)/INDEX('All Facts'!$F:$F,MATCH(Solver!$B14,'All Facts'!$B:$B,0),1)*$C14)+J$5+AI7,0) -> 0 | K14: =IFERROR((INDEX('All Facts'!N:N,MATCH(Solver!$B14,'All Facts'!$B:$B,0),1)/INDEX('All Facts'!$F:$F,MATCH(Solver!$B14,'All Facts'!$B:$B,0),1)*$C14)+K$5+AJ7,0) -> 15 | L14: =IFERROR((INDEX('All Facts'!O:O,MATCH(Solver!$B14,'All Facts'!$B:$B,0),1)/INDEX('All Facts'!$F:$F,MATCH(Solver!$B14,'All Facts'!$B:$B,0),1)*$C14)+L$5+AK7,0) -> 461.25 | M14: =IFERROR((INDEX('All Facts'!P:P,MATCH(Solver!$B14,'All Facts'!$B:$B,0),1)/INDEX('All Facts'!$F:$F,MATCH(Solver!$B14,'All Facts'!$B:$B,0),1)*$C14)+M$5+AL7,0) -> 8.5613516e-13 | N14: =IFERROR((INDEX('All Facts'!Q:Q,MATCH(Solver!$B14,'All Facts'!$B:$B,0),1)/INDEX('All Facts'!$F:$F,MATCH(Solver!$B14,'All Facts'!$B:$B,0),1)*$C14)+N$5+AM7,0) -> 76.52027 | O14: =IFERROR((INDEX('All Facts'!R:R,MATCH(Solver!$B14,'All Facts'!$B:$B,0),1)/INDEX('All Facts'!$F:$F,MATCH(Solver!$B14,'All Facts'!$B:$B,0),1)*$C14)+O$5+AN7,0) -> 13.563504 | P14: =IFERROR((INDEX('All Facts'!S:S,MATCH(Solver!$B14,'All Facts'!$B:$B,0),1)/INDEX('All Facts'!$F:$F,MATCH(Solver!$B14,'All Facts'!$B:$B,0),1)*$C14)+P$5+AO7,0) -> 1022.1284 | Q14: =IFERROR((INDEX('All Facts'!T:T,MATCH(Solver!$B14,'All Facts'!$B:$B,0),1)/INDEX('All Facts'!$F:$F,MATCH(Solver!$B14,'All Facts'!$B:$B,0),1)*$C14)+Q$5+AP7,0) -> 5.777027 | R14: =IFERROR((INDEX('All Facts'!U:U,MATCH(Solver!$B14,'All Facts'!$B:$B,0),1)/INDEX('All Facts'!$F:$F,MATCH(Solver!$B14,'All Facts'!$B:$B,0),1)*$C14)+R$5+AQ7,0) -> 8.5135135 | S14: =IFERROR((INDEX('All Facts'!V:V,MATCH(Solver!$B14,'All Facts'!$B:$B,0),1)/INDEX('All Facts'!$F:$F,MATCH(Solver!$B14,'All Facts'!$B:$B,0),1)*$C14)+S$5+AR7,0) -> 26.351351 | T14: =IFERROR((INDEX('All Facts'!W:W,MATCH(Solver!$B14,'All Facts'!$B:$B,0),1)/INDEX('All Facts'!$F:$F,MATCH(Solver!$B14,'All Facts'!$B:$B,0),1)*$C14)+T$5+AS7,0) -> 0.2027027 | U14: =IFERROR((INDEX('All Facts'!X:X,MATCH(Solver!$B14,'All Facts'!$B:$B,0),1)/INDEX('All Facts'!$F:$F,MATCH(Solver!$B14,'All Facts'!$B:$B,0),1)*$C14)+U$5+AT7,0) -> 0 | V14: =IFERROR((INDEX('All Facts'!Y:Y,MATCH(Solver!$B14,'All Facts'!$B:$B,0),1)/INDEX('All Facts'!$F:$F,MATCH(Solver!$B14,'All Facts'!$B:$B,0),1)*$C14)+V$5+AU7,0) -> 0 | W14: =IFERROR((INDEX('All Facts'!Z:Z,MATCH(Solver!$B14,'All Facts'!$B:$B,0),1)/INDEX('All Facts'!$F:$F,MATCH(Solver!$B14,'All Facts'!$B:$B,0),1)*$C14)+W$5+AV7,0) -> 0 | X14: 794.39462 | Y14: =C14*0.00220462262184877 -> 1.7513393
A15: 7 | B15: Chicken Nuggets | C15: 677.10074 | D15: =IFERROR(Recipie!D23+D$5+AC$8,0) -> 1600 | E15: =IFERROR(Recipie!E23+E$5+AD$8,0) -> 50.170542 | F15: =IFERROR(Recipie!F23+F$5+AE$8,0) -> 95.09534 | G15: =IFERROR(Recipie!G23+G$5+AF$8,0) -> 188.14053 | H15: =IFERROR(Recipie!H23+H$5+AG$8,0) -> 10.1875 | I15: =IFERROR(Recipie!I23+I$5+AH$8,0) -> 0 | J15: =IFERROR(Recipie!J23+J$5+AI$8,0) -> 0 | K15: =IFERROR(Recipie!K23+K$5+AJ$8,0) -> 868.64338 | ... W15: =IFERROR(Recipie!W23+W$5+AV$8,0) -> 0.53200772 | X15: 677 | Y15: =C15*0.00220462262184877 -> 1.4927516
F23: Goal | G23: Actual
E24: Protein min | F24: =F26-F34 -> 129 | G24: =MIN(G9:G15) -> 114.90904
E25: Protein max | F25: =F34+F26 -> 211 | G25: =MAX(G9:G15) -> 189.61506
E26: Protein Avg | F26: 170 | G26: =AVERAGE(G9:G15) -> 174.69067
E27: Calories min | F27: =F29-G34 -> 1436 | G27: =MIN(D9:D15) -> 1600
E28: Calories max | F28: =F29+G34 -> 1764 | G28: =MAX(D9:D15) -> 1600
E29: Calories Avg | F29: 1600 | G29: =AVERAGE(D9:D15) -> 1600
F33: Protein | G33: Calories
E34: Range | F34: 41 | G34: =4*F34 -> 164

Sheet Shopping List
B1: Name | C1: Amount | D1: Unit
B2: Atlantic Skin-On Farm Raised Salmon | C2: =Solver!Y11 -> 1.0262054 | D2: Pounds
B3: Chicken Breast | C3: =Solver!Y12 -> 1.4927516 | D3: Pounds
B4: Fishermans Market Tail On Peeled & Deveined Cooked Shrimp | C4: =Solver!Y13+Solver!Y9 -> 4.9604009 | D4: Pounds
B5: Pre-Washed Russet Potatoes | C5: =(Solver!C2*6)*0.00220462262184877 -> 1.9841604 | D5: Pounds
B6: Peanut Butter | C6: =(Solver!C3*6)*('All Facts'!D6/'All Facts'!F6) -> 22.5 | D6: Tbsp
B7: Lower Sodium Bacon | C7: =(Solver!C4*6)*('All Facts'!D7/'All Facts'!F7) -> 12 | D7: Slices
B8: Eye Round Steak | C8: =Solver!Y10+Solver!Y14 -> 3.5026785 | D8: Pounds
B9: Grade A Large Egg | C9: =(Recipie!C2+Recipie!C8+Recipie!C14)*('All Facts'!D9/'All Facts'!F9) -> 8 | D9: Egg
B10: All Purpose Flour | C10: =(Recipie!C3+Recipie!C9+Recipie!C15)*('All Facts'!D10/'All Facts'!F10) -> 1.7074954 | D10: Cup
B11: Colby Jack Cheese | C11: =SUM(Solver!AB3:AB6) -> 5.798092 | D11: Gram
